Tournament,Date,Series,Court,Surface,Round,Best of,Player_1,Player_2,Winner,Rank_1,Rank_2,Pts_1,Pts_2,Odd_1,Odd_2,Score
Brisbane International,2024-12-29 00:00:00,ATP250,Outdoor,Hard,1st Round,3,Vukic A.,Goffin D.,Vukic A.,68,52,778,1037,2.0,1.8,6-2 6-3
Brisbane International,2024-12-30 00:00:00,ATP250,Outdoor,Hard,1st Round,3,O Connell C.,Michelsen A.,Michelsen A.,64,41,795,1245,2.75,1.44,4-6 6-4 6-7
Brisbane International,2024-12-30 00:00:00,ATP250,Outdoor,Hard,1st Round,3,Bonzi B.,Tabilo A.,Bonzi B.,75,23,730,1943,1.67,2.2,6-7 7-6 6-4
Brisbane International,2024-12-30 00:00:00,ATP250,Outdoor,Hard,1st Round,3,Rinderknech A.,Nishioka Y.,Nishioka Y.,59,69,927,776,2.5,1.53,3-6 4-6
Brisbane International,2024-12-30 00:00:00,ATP250,Outdoor,Hard,1st Round,3,Thompson J.,Berrettini M.,Thompson J.,26,34,1745,1380,2.63,1.5,3-6 6-3 6-4
Brisbane International,2024-12-30 00:00:00,ATP250,Outdoor,Hard,1st Round,3,Navone M.,Jarry N.,Jarry N.,47,35,1148,1370,3.2,1.36,5-7 6-7
Brisbane International,2024-12-30 00:00:00,ATP250,Outdoor,Hard,1st Round,3,Dimitrov G.,Hanfmann Y.,Dimitrov G.,10,96,3350,627,1.14,5.5,7-6 6-3
Brisbane International,2024-12-30 00:00:00,ATP250,Outdoor,Hard,1st Round,3,Rune H.,Lehecka J.,Lehecka J.,13,28,3025,1660,1.53,2.5,5-7 3-6
Brisbane International,2024-12-31 00:00:00,ATP250,Outdoor,Hard,1st Round,3,Opelka R.,Gomez F.,Opelka R.,293,137,176,442,1.5,2.63,7-5 6-4
Brisbane International,2024-12-31 00:00:00,ATP250,Outdoor,Hard,1st Round,3,Popyrin A.,Arnaldi M.,Arnaldi M.,24,37,1865,1345,1.53,2.5,3-6 2-6
Brisbane International,2024-12-31 00:00:00,ATP250,Outdoor,Hard,1st Round,3,Tiafoe F.,Walton A.,Tiafoe F.,18,93,2585,636,1.22,4.33,7-6 6-3
Brisbane International,2024-12-31 00:00:00,ATP250,Outdoor,Hard,1st Round,3,Kukushkin M.,Mensik J.,Mensik J.,113,48,542,1136,3.75,1.29,6-7 4-6
Brisbane International,2024-12-31 00:00:00,ATP250,Outdoor,Hard,1st Round,3,Lajovic D.,Cazaux A.,Lajovic D.,81,63,710,807,1.27,3.7,6-4 6-4
Brisbane International,2024-12-31 00:00:00,ATP250,Outdoor,Hard,1st Round,3,Basavareddy N.,Monfils G.,Monfils G.,138,55,440,1005,2.3,1.62,4-6 6-4 1-6
Brisbane International,2024-12-31 00:00:00,ATP250,Outdoor,Hard,1st Round,3,Djokovic N.,Hijikata R.,Djokovic N.,7,73,3910,746,1.04,13.0,6-3 6-3
Brisbane International,2025-01-01 00:00:00,ATP250,Outdoor,Hard,2nd Round,3,Nishioka Y.,Lehecka J.,Lehecka J.,69,28,776,1660,3.2,1.36,2-6 7-6 4-6
Brisbane International,2025-01-01 00:00:00,ATP250,Outdoor,Hard,2nd Round,3,Jarry N.,Bonzi B.,Jarry N.,35,75,1370,730,2.63,1.5,6-2 6-3
Brisbane International,2025-01-01 00:00:00,ATP250,Outdoor,Hard,2nd Round,3,Vukic A.,Dimitrov G.,Dimitrov G.,68,10,778,3350,4.5,1.2,2-6 6-7
Brisbane International,2025-01-01 00:00:00,ATP250,Outdoor,Hard,2nd Round,3,Thompson J.,Michelsen A.,Thompson J.,26,41,1745,1245,1.67,2.2,7-5 6-3
Brisbane International,2025-01-02 00:00:00,ATP250,Outdoor,Hard,2nd Round,3,Lajovic D.,Mensik J.,Mensik J.,81,48,710,1136,4.0,1.25,3-6 2-6
Brisbane International,2025-01-02 00:00:00,ATP250,Outdoor,Hard,2nd Round,3,Opelka R.,Arnaldi M.,Opelka R.,293,37,176,1345,2.5,1.53,7-6 7-6
Brisbane International,2025-01-02 00:00:00,ATP250,Outdoor,Hard,2nd Round,3,Tiafoe F.,Mpetshi G.,Mpetshi G.,18,31,2585,1561,1.8,2.0,4-6 6-7
Brisbane International,2025-01-02 00:00:00,ATP250,Outdoor,Hard,2nd Round,3,Djokovic N.,Monfils G.,Djokovic N.,7,55,3910,1005,1.06,10.0,6-3 6-3
Brisbane International,2025-01-03 00:00:00,ATP250,Outdoor,Hard,Quarterfinals,3,Jarry N.,Lehecka J.,Lehecka J.,35,28,1370,1660,3.2,1.36,4-6 4-6
Brisbane International,2025-01-03 00:00:00,ATP250,Outdoor,Hard,Quarterfinals,3,Mpetshi G.,Mensik J.,Mpetshi G.,31,48,1561,1136,1.73,2.1,7-5 7-6
Brisbane International,2025-01-03 00:00:00,ATP250,Outdoor,Hard,Quarterfinals,3,Djokovic N.,Opelka R.,Opelka R.,7,293,3910,176,1.05,11.0,6-7 3-6
Brisbane International,2025-01-04 00:00:00,ATP250,Outdoor,Hard,Semifinals,3,Opelka R.,Mpetshi G.,Opelka R.,293,31,176,1561,2.2,1.67,6-3 7-6
Hong Kong Tennis Open,2024-12-30 00:00:00,ATP250,Outdoor,Hard,1st Round,3,Darderi L.,Kecmanovic M.,Kecmanovic M.,44,54,1198,1021,3.5,1.3,3-6 3-6
Hong Kong Tennis Open,2024-12-30 00:00:00,ATP250,Outdoor,Hard,1st Round,3,Marozsan F.,Safiullin R.,Marozsan F.,58,60,935,923,2.63,1.5,6-1 7-6
Hong Kong Tennis Open,2024-12-30 00:00:00,ATP250,Outdoor,Hard,1st Round,3,Nakashima B.,Sonego L.,Sonego L.,38,53,1335,1026,1.57,2.38,6-7 3-6
Hong Kong Tennis Open,2024-12-30 00:00:00,ATP250,Outdoor,Hard,1st Round,3,Norrie C.,Tien L.,Norrie C.,49,122,1119,493,1.67,2.2,6-3 7-5
Hong Kong Tennis Open,2024-12-31 00:00:00,ATP250,Outdoor,Hard,1st Round,3,Moro Canas A.,Bergs Z.,Bergs Z.,169,71,345,768,2.75,1.44,4-6 4-6
Hong Kong Tennis Open,2024-12-31 00:00:00,ATP250,Outdoor,Hard,1st Round,3,Muller A.,Huesler M.A.,Muller A.,67,159,778,376,2.2,1.67,2-6 6-4 6-3
Hong Kong Tennis Open,2024-12-31 00:00:00,ATP250,Outdoor,Hard,1st Round,3,Bu Y.,Borges N.,Borges N.,65,36,784,1355,1.8,2.0,6-3 3-6 6-7
Hong Kong Tennis Open,2024-12-31 00:00:00,ATP250,Outdoor,Hard,1st Round,3,Munar J.,Davidovich Fokina A.,Munar J.,62,61,832,845,3.2,1.36,4-6 6-3 6-3
Hong Kong Tennis Open,2024-12-31 00:00:00,ATP250,Outdoor,Hard,1st Round,3,Passaro F.,Martinez P.,Martinez P.,108,43,570,1205,2.0,1.8,4-6 4-6
Hong Kong Tennis Open,2024-12-31 00:00:00,ATP250,Outdoor,Hard,1st Round,3,Nishikori K.,Shapovalov D.,Nishikori K.,106,56,578,981,2.5,1.53,6-2 6-3
Hong Kong Tennis Open,2024-12-31 00:00:00,ATP250,Outdoor,Hard,1st Round,3,Carballes Baena R.,Diallo G.,Diallo G.,57,87,981,643,3.0,1.4,6-4 6-7 5-7
Hong Kong Tennis Open,2024-12-31 00:00:00,ATP250,Outdoor,Hard,1st Round,3,Shang J.,Wong C.,Shang J.,50,170,1115,340,1.3,3.5,7-6 6-4
Hong Kong Tennis Open,2025-01-01 00:00:00,ATP250,Outdoor,Hard,2nd Round,3,Kecmanovic M.,Muller A.,Muller A.,54,67,1021,778,1.4,3.0,7-5 6-7 6-7
Hong Kong Tennis Open,2025-01-01 00:00:00,ATP250,Outdoor,Hard,2nd Round,3,Norrie C.,Sonego L.,Norrie C.,49,53,1119,1026,1.57,2.38,6-2 4-6 6-1
Hong Kong Tennis Open,2025-01-01 00:00:00,ATP250,Outdoor,Hard,2nd Round,3,Bergs Z.,Fils A.,Fils A.,71,20,768,2355,2.75,1.44,6-7 4-6
Hong Kong Tennis Open,2025-01-01 00:00:00,ATP250,Outdoor,Hard,2nd Round,3,Nishikori K.,Khachanov K.,Nishikori K.,106,19,578,2410,2.2,1.67,4-6 6-3 7-5
Hong Kong Tennis Open,2025-01-02 00:00:00,ATP250,Outdoor,Hard,2nd Round,3,Borges N.,Munar J.,Munar J.,36,62,1355,832,1.53,2.5,3-6 5-7
Hong Kong Tennis Open,2025-01-02 00:00:00,ATP250,Outdoor,Hard,2nd Round,3,Musetti L.,Diallo G.,Musetti L.,17,87,2600,643,1.62,2.3,6-4 6-3
Hong Kong Tennis Open,2025-01-02 00:00:00,ATP250,Outdoor,Hard,2nd Round,3,Martinez P.,Shang J.,Shang J.,43,50,1205,1115,3.5,1.3,3-6 1-6
Hong Kong Tennis Open,2025-01-02 00:00:00,ATP250,Outdoor,Hard,2nd Round,3,Marozsan F.,Rublev A.,Marozsan F.,58,8,935,3760,4.0,1.25,7-5 3-6 6-3
Hong Kong Tennis Open,2025-01-03 00:00:00,ATP250,Outdoor,Hard,Quarterfinals,3,Fils A.,Muller A.,Muller A.,20,67,2355,778,1.25,4.0,6-3 3-6 1-6
Hong Kong Tennis Open,2025-01-03 00:00:00,ATP250,Outdoor,Hard,Quarterfinals,3,Munar J.,Musetti L.,Munar J.,62,17,832,2600,3.5,1.3,2-6 7-6 7-5
Hong Kong Tennis Open,2025-01-03 00:00:00,ATP250,Outdoor,Hard,Quarterfinals,3,Marozsan F.,Shang J.,Shang J.,58,50,935,1115,2.3,1.62,6-1 3-6 4-6
Hong Kong Tennis Open,2025-01-03 00:00:00,ATP250,Outdoor,Hard,Quarterfinals,3,Nishikori K.,Norrie C.,Nishikori K.,106,49,578,1119,1.73,2.1,6-3 3-6 6-2
Hong Kong Tennis Open,2025-01-04 00:00:00,ATP250,Outdoor,Hard,Semifinals,3,Munar J.,Muller A.,Muller A.,62,67,832,778,1.8,2.0,6-7 4-6
Hong Kong Tennis Open,2025-01-05 00:00:00,ATP250,Outdoor,Hard,The Final,3,Muller A.,Nishikori K.,Muller A.,67,106,778,578,3.5,1.3,2-6 6-1 6-3
Adelaide International,2025-01-06 00:00:00,ATP250,Outdoor,Hard,1st Round,3,Zhang Zh.,Shapovalov D.,Shapovalov D.,47,58,1140,981,2.3,1.62,3-6 4-6
Adelaide International,2025-01-06 00:00:00,ATP250,Outdoor,Hard,1st Round,3,Davidovich Fokina A.,Bautista Agut R.,Davidovich Fokina A.,68,51,775,1067,1.73,2.1,7-5 6-2
Adelaide International,2025-01-06 00:00:00,ATP250,Outdoor,Hard,1st Round,3,Rinderknech A.,O Connell C.,O Connell C.,60,64,927,795,2.3,1.62,5-7 6-7
Adelaide International,2025-01-06 00:00:00,ATP250,Outdoor,Hard,1st Round,3,Kokkinakis T.,Nishioka Y.,Kokkinakis T.,77,63,716,807,1.57,2.38,6-3 3-6 6-3
Adelaide International,2025-01-07 00:00:00,ATP250,Outdoor,Hard,1st Round,3,Duckworth J.,Tu L.,Tu L.,94,179,624,323,1.67,2.2,1-6 5-7
Adelaide International,2025-01-07 00:00:00,ATP250,Outdoor,Hard,1st Round,3,Guinard M.,Safiullin R.,Guinard M.,261,62,209,823,5.0,1.17,7-6 2-6 6-1
Adelaide International,2025-01-07 00:00:00,ATP250,Outdoor,Hard,1st Round,3,Vukic A.,Giron M.,Giron M.,67,45,778,1150,1.8,2.0,2-6 6-3 3-6
Adelaide International,2025-01-07 00:00:00,ATP250,Outdoor,Hard,1st Round,3,Kecmanovic M.,Bublik A.,Kecmanovic M.,55,33,1021,1420,1.62,2.3,6-4 6-2
Adelaide International,2025-01-07 00:00:00,ATP250,Outdoor,Hard,1st Round,3,Walton A.,Cazaux A.,Cazaux A.,91,80,636,707,2.38,1.57,5-7 1-6
Adelaide International,2025-01-07 00:00:00,ATP250,Outdoor,Hard,1st Round,3,Nakashima B.,Hanfmann Y.,Nakashima B.,37,98,1335,615,1.3,3.5,6-1 2-6 6-3
Adelaide International,2025-01-07 00:00:00,ATP250,Outdoor,Hard,1st Round,3,Goffin D.,Hijikata R.,Hijikata R.,53,79,1029,712,1.62,2.3,1-6 2-6
Adelaide International,2025-01-07 00:00:00,ATP250,Outdoor,Hard,1st Round,3,Etcheverry T.,Schoolkate T.,Etcheverry T.,39,173,1315,336,1.3,3.5,7-6 6-3
Adelaide International,2025-01-08 00:00:00,ATP250,Outdoor,Hard,2nd Round,3,Cazaux A.,Auger-Aliassime F.,Auger-Aliassime F.,80,29,707,1680,2.75,1.44,6-1 4-6 5-7
Adelaide International,2025-01-08 00:00:00,ATP250,Outdoor,Hard,2nd Round,3,Giron M.,Shapovalov D.,Giron M.,45,58,1150,981,2.75,1.44,7-5 6-2
Adelaide International,2025-01-08 00:00:00,ATP250,Outdoor,Hard,2nd Round,3,O Connell C.,Kecmanovic M.,Kecmanovic M.,64,55,795,1021,1.91,1.91,6-7 2-6
Adelaide International,2025-01-08 00:00:00,ATP250,Outdoor,Hard,2nd Round,3,Hijikata R.,Nakashima B.,Hijikata R.,79,37,712,1335,3.0,1.4,6-2 3-6 7-6
Adelaide International,2025-01-08 00:00:00,ATP250,Outdoor,Hard,2nd Round,3,Tu L.,Bonzi B.,Bonzi B.,179,70,323,762,2.75,1.44,3-6 3-6
Adelaide International,2025-01-08 00:00:00,ATP250,Outdoor,Hard,2nd Round,3,Korda S.,Davidovich Fokina A.,Korda S.,22,68,1985,775,2.2,1.67,6-3 6-3
Adelaide International,2025-01-08 00:00:00,ATP250,Outdoor,Hard,2nd Round,3,Guinard M.,Paul T.,Paul T.,261,12,209,3145,9.0,1.07,4-6 6-3 3-6
Adelaide International,2025-01-08 00:00:00,ATP250,Outdoor,Hard,2nd Round,3,Kokkinakis T.,Etcheverry T.,Kokkinakis T.,77,39,716,1315,1.57,2.38,7-5 4-6 7-6
Adelaide International,2025-01-09 00:00:00,ATP250,Outdoor,Hard,Quarterfinals,3,Hijikata R.,Paul T.,Paul T.,79,12,712,3145,3.5,1.3,3-6 4-6
Adelaide International,2025-01-09 00:00:00,ATP250,Outdoor,Hard,Quarterfinals,3,Auger-Aliassime F.,Giron M.,Auger-Aliassime F.,29,45,1680,1150,1.62,2.3,7-6 6-3
Adelaide International,2025-01-09 00:00:00,ATP250,Outdoor,Hard,Quarterfinals,3,Bonzi B.,Kecmanovic M.,Kecmanovic M.,70,55,762,1021,2.3,1.62,2-6 3-6
Adelaide International,2025-01-10 00:00:00,ATP250,Outdoor,Hard,Semifinals,3,Auger-Aliassime F.,Paul T.,Auger-Aliassime F.,29,12,1680,3145,2.2,1.67,7-6 3-6 6-4
Adelaide International,2025-01-10 00:00:00,ATP250,Outdoor,Hard,Semifinals,3,Kecmanovic M.,Korda S.,Korda S.,55,22,1021,1985,2.0,1.8,3-6 6-7
Adelaide International,2025-01-11 00:00:00,ATP250,Outdoor,Hard,The Final,3,Auger-Aliassime F.,Korda S.,Auger-Aliassime F.,29,22,1680,1985,2.1,1.73,6-3 3-6 6-1
ASB Classic,2025-01-05 00:00:00,ATP250,Outdoor,Hard,1st Round,3,Darderi L.,Borges N.,Borges N.,44,36,1198,1370,3.2,1.36,7-5 3-6 5-7
ASB Classic,2025-01-06 00:00:00,ATP250,Outdoor,Hard,1st Round,3,Carballes Baena R.,Altmaier D.,Carballes Baena R.,59,93,981,625,1.3,3.5,6-3 3-6 7-5
ASB Classic,2025-01-06 00:00:00,ATP250,Outdoor,Hard,1st Round,3,Becroft I.,Bergs Z.,Bergs Z.,980,66,15,783,17.0,1.03,3-6 5-7
ASB Classic,2025-01-06 00:00:00,ATP250,Outdoor,Hard,1st Round,3,Michelsen A.,Nagal S.,Michelsen A.,41,96,1245,622,1.17,5.0,6-7 6-4 6-2
ASB Classic,2025-01-06 00:00:00,ATP250,Outdoor,Hard,1st Round,3,Mannarino A.,Navone M.,Navone M.,73,46,744,1148,1.5,2.63,6-7 7-6 1-6
ASB Classic,2025-01-06 00:00:00,ATP250,Outdoor,Hard,1st Round,3,Sonego L.,Diallo G.,Sonego L.,54,87,1026,646,2.0,1.8,7-6 2-6 7-6
ASB Classic,2025-01-06 00:00:00,ATP250,Outdoor,Hard,1st Round,3,Norrie C.,Diaz Acosta F.,Diaz Acosta F.,48,78,1124,714,1.2,4.5,2-6 3-6
ASB Classic,2025-01-07 00:00:00,ATP250,Outdoor,Hard,1st Round,3,Monfils G.,Martinez P.,Monfils G.,52,43,1030,1220,1.25,4.0,1-6 7-6 6-3
ASB Classic,2025-01-07 00:00:00,ATP250,Outdoor,Hard,1st Round,3,Bu Y.,Struff J.L.,Struff J.L.,65,42,784,1225,2.0,1.8,3-6 4-6
ASB Classic,2025-01-07 00:00:00,ATP250,Outdoor,Hard,1st Round,3,Basavareddy N.,Comesana F.,Basavareddy N.,133,85,453,661,1.22,4.33,6-2 6-2
ASB Classic,2025-01-07 00:00:00,ATP250,Outdoor,Hard,1st Round,3,Carreno Busta P.,Mensik J.,Mensik J.,184,49,317,1122,4.0,1.25,0-6 6-4 5-7
ASB Classic,2025-01-07 00:00:00,ATP250,Outdoor,Hard,2nd Round,3,Basavareddy N.,Tabilo A.,Basavareddy N.,133,23,453,1943,1.8,2.0,6-4 5-7 6-4
ASB Classic,2025-01-07 00:00:00,ATP250,Outdoor,Hard,2nd Round,3,Nardi L.,Bergs Z.,Bergs Z.,90,66,637,783,2.3,1.62,1-6 4-6
ASB Classic,2025-01-08 00:00:00,ATP250,Outdoor,Hard,2nd Round,3,Michelsen A.,Sonego L.,Michelsen A.,41,54,1245,1026,1.57,2.38,7-6 6-2
ASB Classic,2025-01-08 00:00:00,ATP250,Outdoor,Hard,2nd Round,3,Baez S.,Diaz Acosta F.,Diaz Acosta F.,28,78,1690,714,2.0,1.8,4-6 6-7
ASB Classic,2025-01-08 00:00:00,ATP250,Outdoor,Hard,2nd Round,3,Carballes Baena R.,Cerundolo F.,Carballes Baena R.,59,31,981,1620,2.63,1.5,6-2 7-5
ASB Classic,2025-01-08 00:00:00,ATP250,Outdoor,Hard,2nd Round,3,Struff J.L.,Monfils G.,Monfils G.,42,52,1225,1030,1.67,2.2,1-6 6-7
ASB Classic,2025-01-08 00:00:00,ATP250,Outdoor,Hard,2nd Round,3,Borges N.,Navone M.,Borges N.,36,46,1370,1148,1.4,3.0,4-6 7-5 6-4
ASB Classic,2025-01-08 00:00:00,ATP250,Outdoor,Hard,2nd Round,3,Shelton B.,Mensik J.,Mensik J.,21,49,2330,1122,1.73,2.1,6-7 6-4 5-7
ASB Classic,2025-01-08 00:00:00,ATP250,Outdoor,Hard,Quarterfinals,3,Basavareddy N.,Michelsen A.,Basavareddy N.,133,41,453,1245,2.5,1.53,2-6 6-2 6-4
ASB Classic,2025-01-09 00:00:00,ATP250,Outdoor,Hard,Quarterfinals,3,Diaz Acosta F.,Monfils G.,Monfils G.,78,52,714,1030,3.5,1.3,3-6 1-6
ASB Classic,2025-01-09 00:00:00,ATP250,Outdoor,Hard,Quarterfinals,3,Bergs Z.,Carballes Baena R.,Bergs Z.,66,59,783,981,1.62,2.3,1-6 6-2 6-3
ASB Classic,2025-01-09 00:00:00,ATP250,Outdoor,Hard,Quarterfinals,3,Mensik J.,Borges N.,Borges N.,49,36,1122,1370,1.44,2.75,7-6 2-6 6-7
ASB Classic,2025-01-10 00:00:00,ATP250,Outdoor,Hard,Semifinals,3,Monfils G.,Basavareddy N.,Monfils G.,52,133,1030,453,1.67,2.2,7-6 6-4
ASB Classic,2025-01-10 00:00:00,ATP250,Outdoor,Hard,Semifinals,3,Borges N.,Bergs Z.,Bergs Z.,36,66,1370,783,1.91,1.91,2-6 6-3 5-7
ASB Classic,2025-01-11 00:00:00,ATP250,Outdoor,Hard,The Final,3,Monfils G.,Bergs Z.,Monfils G.,52,66,1030,783,1.53,2.5,6-3 6-4
Australian Open,2025-01-12 00:00:00,Grand Slam,Outdoor,Hard,1st Round,5,Jasika O.,Gaston H.,Gaston H.,179,81,323,703,3.2,1.36,2-6 6-3 2-6 2-6
Australian Open,2025-01-12 00:00:00,Grand Slam,Outdoor,Hard,1st Round,5,Fils A.,Virtanen O.,Fils A.,21,93,2280,627,1.13,6.0,3-6 7-6 6-4 6-4
Australian Open,2025-01-12 00:00:00,Grand Slam,Outdoor,Hard,1st Round,5,Monteiro T.,Nishikori K.,Nishikori K.,105,76,566,743,4.5,1.2,6-4 7-6 5-7 2-6 3-6
Australian Open,2025-01-12 00:00:00,Grand Slam,Outdoor,Hard,1st Round,5,Ruud C.,Munar J.,Ruud C.,6,62,4210,922,1.17,5.0,6-3 1-6 7-5 2-6 6-1
Australian Open,2025-01-12 00:00:00,Grand Slam,Outdoor,Hard,1st Round,5,Bu Y.,Habib H.,Habib H.,67,219,784,264,1.36,3.2,6-7 4-6 6-7
Australian Open,2025-01-12 00:00:00,Grand Slam,Outdoor,Hard,1st Round,5,Lehecka J.,Tu L.,Lehecka J.,29,168,1660,342,1.07,9.0,6-1 3-6 6-3 7-6
Australian Open,2025-01-12 00:00:00,Grand Slam,Outdoor,Hard,1st Round,5,Nagal S.,Machac T.,Machac T.,91,25,635,1805,13.0,1.04,3-6 1-6 5-7
Australian Open,2025-01-12 00:00:00,Grand Slam,Outdoor,Hard,1st Round,5,Humbert U.,Gigante M.,Humbert U.,14,145,2765,403,1.08,8.0,7-6 7-5 6-4
Australian Open,2025-01-12 00:00:00,Grand Slam,Outdoor,Hard,1st Round,5,Onclin G.,Opelka R.,Opelka R.,239,170,242,341,3.75,1.29,6-3 6-7 3-6 2-6
Australian Open,2025-01-12 00:00:00,Grand Slam,Outdoor,Hard,1st Round,5,Halys Q.,Walton A.,Halys Q.,74,90,756,636,2.0,1.8,4-6 4-6 6-4 7-6 7-5
Australian Open,2025-01-12 00:00:00,Grand Slam,Outdoor,Hard,1st Round,5,Pouille L.,Zverev A.,Zverev A.,103,2,575,7635,19.0,1.02,4-6 4-6 4-6
Australian Open,2025-01-13 00:00:00,Grand Slam,Outdoor,Hard,1st Round,5,Tiafoe F.,Rinderknech A.,Tiafoe F.,16,61,2560,927,1.25,4.0,7-6 6-3 4-6 6-7 6-3
Australian Open,2025-01-13 00:00:00,Grand Slam,Outdoor,Hard,1st Round,5,Tabilo A.,Carballes Baena R.,Carballes Baena R.,26,57,1705,981,1.5,2.63,6-1 2-6 3-6 6-7
Australian Open,2025-01-13 00:00:00,Grand Slam,Outdoor,Hard,1st Round,5,Mensik J.,Basilashvili N.,Mensik J.,48,206,1162,273,1.17,5.0,6-1 6-7 6-3 6-3
Australian Open,2025-01-13 00:00:00,Grand Slam,Outdoor,Hard,1st Round,5,Tsitsipas S.,Michelsen A.,Michelsen A.,12,42,3195,1270,1.53,2.5,5-7 3-6 6-2 4-6
Australian Open,2025-01-13 00:00:00,Grand Slam,Outdoor,Hard,1st Round,5,Borges N.,Muller A.,Borges N.,33,58,1445,965,1.67,2.2,6-7 6-3 6-2 7-5
Australian Open,2025-01-13 00:00:00,Grand Slam,Outdoor,Hard,1st Round,5,Seyboth Wild T.,Marozsan F.,Marozsan F.,79,59,732,960,3.0,1.4,3-6 7-6 5-7 7-5 5-7
Australian Open,2025-01-13 00:00:00,Grand Slam,Outdoor,Hard,1st Round,5,Duckworth J.,Stricker D.,Duckworth J.,89,304,637,173,1.73,2.1,6-2 6-4 6-2
Australian Open,2025-01-13 00:00:00,Grand Slam,Outdoor,Hard,1st Round,5,Landaluce M.,Mccabe J.,Mccabe J.,142,258,414,216,1.3,3.5,4-6 3-6 4-6
Australian Open,2025-01-13 00:00:00,Grand Slam,Outdoor,Hard,1st Round,5,Sinner J.,Jarry N.,Sinner J.,1,36,11830,1340,1.01,26.0,7-6 7-6 6-1
Australian Open,2025-01-13 00:00:00,Grand Slam,Outdoor,Hard,1st Round,5,Koepfer D.,Thompson J.,Thompson J.,124,27,485,1695,3.2,1.36,6-7 4-6 6-4 3-6
Australian Open,2025-01-13 00:00:00,Grand Slam,Outdoor,Hard,1st Round,5,Schoolkate T.,Daniel T.,Schoolkate T.,173,113,336,519,2.0,1.8,6-7 7-6 6-1 6-4
Australian Open,2025-01-13 00:00:00,Grand Slam,Outdoor,Hard,1st Round,5,Dzumhur D.,Vukic A.,Vukic A.,82,68,679,778,3.75,1.29,7-6 0-6 6-3 3-6 4-6
Australian Open,2025-01-13 00:00:00,Grand Slam,Outdoor,Hard,1st Round,5,Draper J.,Navone M.,Draper J.,18,47,2530,1173,1.05,11.0,4-6 6-3 3-6 6-3 6-2
Australian Open,2025-01-13 00:00:00,Grand Slam,Outdoor,Hard,1st Round,5,Safiullin R.,Kokkinakis T.,Kokkinakis T.,63,71,823,766,2.38,1.57,6-3 3-6 3-6 6-7
Australian Open,2025-01-13 00:00:00,Grand Slam,Outdoor,Hard,1st Round,5,Cazaux A.,Baez S.,Cazaux A.,78,28,732,1690,1.4,3.0,6-3 5-7 3-6 6-0 6-3
Australian Open,2025-01-13 00:00:00,Grand Slam,Outdoor,Hard,1st Round,5,Dougaz A.,Nishioka Y.,Nishioka Y.,231,65,254,807,5.5,1.14,6-3 4-6 6-7 3-6
Australian Open,2025-01-13 00:00:00,Grand Slam,Outdoor,Hard,1st Round,5,Korda S.,Klein L.,Korda S.,22,144,2065,405,1.33,3.4,6-3 0-6 6-3 7-6
Australian Open,2025-01-13 00:00:00,Grand Slam,Outdoor,Hard,1st Round,5,Kotov P.,Faria J.,Faria J.,97,125,612,481,1.57,2.38,1-6 1-6 5-7
Australian Open,2025-01-13 00:00:00,Grand Slam,Outdoor,Hard,1st Round,5,Auger-Aliassime F.,Struff J.L.,Auger-Aliassime F.,23,43,1905,1240,1.44,2.75,6-3 6-0 4-6 6-1
Australian Open,2025-01-13 00:00:00,Grand Slam,Outdoor,Hard,1st Round,5,Shevchenko A.,Alcaraz C.,Alcaraz C.,77,3,743,7010,29.0,1.01,1-6 5-7 1-6
Australian Open,2025-01-13 00:00:00,Grand Slam,Outdoor,Hard,1st Round,5,Djokovic N.,Basavareddy N.,Djokovic N.,7,107,3900,566,1.04,13.0,4-6 6-3 6-4 6-2
Australian Open,2025-01-13 00:00:00,Grand Slam,Outdoor,Hard,1st Round,5,Goffin D.,Bonzi B.,Bonzi B.,54,64,1029,819,2.63,1.5,1-6 2-6 6-7
Australian Open,2025-01-13 00:00:00,Grand Slam,Outdoor,Hard,1st Round,5,Paul T.,O Connell C.,Paul T.,11,70,3195,770,1.17,5.0,6-2 3-6 6-1 6-7 7-5
Australian Open,2025-01-14 00:00:00,Grand Slam,Outdoor,Hard,1st Round,5,Norrie C.,Berrettini M.,Berrettini M.,52,34,1082,1380,3.2,1.36,7-6 4-6 1-6 3-6
Australian Open,2025-01-14 00:00:00,Grand Slam,Outdoor,Hard,1st Round,5,Kecmanovic M.,Lajovic D.,Kecmanovic M.,51,80,1096,717,1.17,5.0,7-5 3-6 6-3 3-6 6-3
Australian Open,2025-01-14 00:00:00,Grand Slam,Outdoor,Hard,1st Round,5,Mannarino A.,Khachanov K.,Khachanov K.,75,19,751,2410,7.0,1.1,6-7 3-6 3-6
Australian Open,2025-01-14 00:00:00,Grand Slam,Outdoor,Hard,1st Round,5,Diallo G.,Nardi L.,Diallo G.,86,83,646,675,1.44,2.75,6-7 7-6 5-7 6-1 6-2
Australian Open,2025-01-14 00:00:00,Grand Slam,Outdoor,Hard,1st Round,5,Zhang Zh.,Rune H.,Rune H.,49,13,1140,2910,3.5,1.3,6-4 3-6 4-6 6-3 4-6
Australian Open,2025-01-14 00:00:00,Grand Slam,Outdoor,Hard,1st Round,5,Garin C.,Coric B.,Garin C.,150,87,382,639,2.1,1.73,7-5 6-1 6-2
Australian Open,2025-01-14 00:00:00,Grand Slam,Outdoor,Hard,1st Round,5,Ugo Carabelli C.,Tien L.,Tien L.,94,121,624,493,5.5,1.14,6-4 6-7 3-6 7-5 4-6
Australian Open,2025-01-14 00:00:00,Grand Slam,Outdoor,Hard,1st Round,5,Cerundolo F.,Bublik A.,Cerundolo F.,31,37,1620,1330,1.57,2.38,7-6 6-3 6-2
Australian Open,2025-01-14 00:00:00,Grand Slam,Outdoor,Hard,1st Round,5,Mpetshi G.,Monfils G.,Monfils G.,30,41,1651,1280,1.62,2.3,6-7 3-6 7-6 7-6 4-6
Australian Open,2025-01-14 00:00:00,Grand Slam,Outdoor,Hard,1st Round,5,Hurkacz H.,Griekspoor T.,Hurkacz H.,17,40,2555,1280,1.36,3.2,7-5 6-4 6-4
Australian Open,2025-01-14 00:00:00,Grand Slam,Outdoor,Hard,1st Round,5,Bergs Z.,Diaz Acosta F.,Diaz Acosta F.,60,73,948,758,1.44,2.75,7-6 4-6 6-1 3-6 4-6
Australian Open,2025-01-14 00:00:00,Grand Slam,Outdoor,Hard,1st Round,5,Medvedev D.,Samrej K.,Medvedev D.,5,418,5030,109,1.0,51.0,6-2 4-6 3-6 6-1 6-2
Australian Open,2025-01-14 00:00:00,Grand Slam,Outdoor,Hard,1st Round,5,Comesana F.,Altmaier D.,Altmaier D.,85,101,662,582,2.0,1.8,2-6 6-3 6-7 6-4 4-6
Australian Open,2025-01-14 00:00:00,Grand Slam,Outdoor,Hard,1st Round,5,Musetti L.,Arnaldi M.,Musetti L.,15,39,2600,1305,1.57,2.38,7-6 4-6 7-6 6-3
Australian Open,2025-01-14 00:00:00,Grand Slam,Outdoor,Hard,1st Round,5,Nakashima B.,Shelton B.,Shelton B.,35,20,1355,2280,2.75,1.44,6-7 5-7 5-7
Australian Open,2025-01-14 00:00:00,Grand Slam,Outdoor,Hard,1st Round,5,Sonego L.,Wawrinka S.,Sonego L.,55,156,1026,371,1.4,3.0,6-4 5-7 7-5 7-5
Australian Open,2025-01-14 00:00:00,Grand Slam,Outdoor,Hard,1st Round,5,Coria F.,Boyer T.,Boyer T.,96,136,617,448,5.5,1.14,3-6 7-6 6-4 5-7 1-6
Australian Open,2025-01-14 00:00:00,Grand Slam,Outdoor,Hard,1st Round,5,Krueger M.,Hijikata R.,Krueger M.,146,72,396,759,3.0,1.4,6-4 6-4 6-3
Australian Open,2025-01-14 00:00:00,Grand Slam,Outdoor,Hard,1st Round,5,Cobolli F.,Etcheverry T.,Etcheverry T.,32,38,1512,1315,2.38,1.57,7-6 3-6 5-7 1-6
Australian Open,2025-01-14 00:00:00,Grand Slam,Outdoor,Hard,1st Round,5,Giron M.,Hanfmann Y.,Giron M.,46,95,1175,618,1.25,4.0,2-6 7-5 6-1 7-5
Australian Open,2025-01-14 00:00:00,Grand Slam,Outdoor,Hard,1st Round,5,Bautista Agut R.,Shapovalov D.,Shapovalov D.,53,56,1067,1006,3.2,1.36,6-3 4-6 4-6 6-7
Australian Open,2025-01-14 00:00:00,Grand Slam,Outdoor,Hard,1st Round,5,Moutet C.,Popyrin A.,Moutet C.,69,24,772,1840,4.33,1.22,4-6 6-3 6-4 6-4
Australian Open,2025-01-14 00:00:00,Grand Slam,Outdoor,Hard,1st Round,5,Van De Zandschulp B.,De Minaur A.,De Minaur A.,84,8,672,3535,10.0,1.06,1-6 5-7 4-6
Australian Open,2025-01-14 00:00:00,Grand Slam,Outdoor,Hard,1st Round,5,Carreno Busta P.,Majchrzak K.,Carreno Busta P.,182,122,317,491,1.62,2.3,6-4 6-4 6-3
Australian Open,2025-01-14 00:00:00,Grand Slam,Outdoor,Hard,1st Round,5,Rublev A.,Fonseca J.,Fonseca J.,9,112,3520,520,1.62,2.3,6-7 3-6 6-7
Australian Open,2025-01-15 00:00:00,Grand Slam,Outdoor,Hard,2nd Round,5,Machac T.,Opelka R.,Machac T.,25,170,1805,341,1.33,3.4,3-6 7-6 6-7 7-6 6-4
Australian Open,2025-01-15 00:00:00,Grand Slam,Outdoor,Hard,2nd Round,5,Nishioka Y.,Alcaraz C.,Alcaraz C.,65,3,807,7010,19.0,1.02,0-6 1-6 4-6
Australian Open,2025-01-15 00:00:00,Grand Slam,Outdoor,Hard,2nd Round,5,Bonzi B.,Passaro F.,Bonzi B.,64,104,819,571,1.25,4.0,6-2 6-4 3-6 6-4
Australian Open,2025-01-15 00:00:00,Grand Slam,Outdoor,Hard,2nd Round,5,Thompson J.,Borges N.,Borges N.,27,33,1695,1445,1.91,1.91,3-6 2-6 4-6
Australian Open,2025-01-15 00:00:00,Grand Slam,Outdoor,Hard,2nd Round,5,Carballes Baena R.,Duckworth J.,Carballes Baena R.,57,89,981,637,1.57,2.38,6-4 6-2 7-5
Australian Open,2025-01-15 00:00:00,Grand Slam,Outdoor,Hard,2nd Round,5,Faria J.,Djokovic N.,Djokovic N.,125,7,481,3900,23.0,1.01,1-6 7-6 3-6 2-6
Australian Open,2025-01-15 00:00:00,Grand Slam,Outdoor,Hard,2nd Round,5,Fils A.,Halys Q.,Fils A.,21,74,2280,756,1.22,4.33,6-2 4-6 7-6 7-5
Australian Open,2025-01-15 00:00:00,Grand Slam,Outdoor,Hard,2nd Round,5,Korda S.,Vukic A.,Vukic A.,22,68,2065,778,1.22,4.33,4-6 6-3 6-2 3-6 5-7
Australian Open,2025-01-15 00:00:00,Grand Slam,Outdoor,Hard,2nd Round,5,Fearnley J.,Cazaux A.,Fearnley J.,92,78,632,732,1.62,2.3,3-6 7-5 6-2 6-3
Australian Open,2025-01-15 00:00:00,Grand Slam,Outdoor,Hard,2nd Round,5,Ruud C.,Mensik J.,Mensik J.,6,48,4210,1162,1.73,2.1,2-6 6-3 1-6 4-6
Australian Open,2025-01-15 00:00:00,Grand Slam,Outdoor,Hard,2nd Round,5,Draper J.,Kokkinakis T.,Draper J.,18,71,2530,766,1.44,2.75,6-7 6-3 3-6 7-5 6-3
Australian Open,2025-01-15 00:00:00,Grand Slam,Outdoor,Hard,2nd Round,5,Auger-Aliassime F.,Davidovich Fokina A.,Davidovich Fokina A.,23,66,1905,790,1.29,3.75,7-6 7-6 4-6 1-6 3-6
Australian Open,2025-01-15 00:00:00,Grand Slam,Outdoor,Hard,2nd Round,5,Humbert U.,Habib H.,Humbert U.,14,219,2765,264,1.08,8.0,6-3 6-4 6-4
Australian Open,2025-01-15 00:00:00,Grand Slam,Outdoor,Hard,2nd Round,5,Martinez P.,Zverev A.,Zverev A.,44,2,1220,7635,21.0,1.02,1-6 4-6 1-6
Australian Open,2025-01-15 00:00:00,Grand Slam,Outdoor,Hard,2nd Round,5,Paul T.,Nishikori K.,Paul T.,11,76,3195,743,1.4,3.0,6-7 6-0 6-3 6-1
Australian Open,2025-01-16 00:00:00,Grand Slam,Outdoor,Hard,2nd Round,5,Hurkacz H.,Kecmanovic M.,Kecmanovic M.,17,51,2555,1096,1.29,3.75,4-6 4-6 2-6
Australian Open,2025-01-16 00:00:00,Grand Slam,Outdoor,Hard,2nd Round,5,Khachanov K.,Diallo G.,Khachanov K.,19,86,2410,646,1.33,3.4,7-6 4-6 6-3 6-3
Australian Open,2025-01-16 00:00:00,Grand Slam,Outdoor,Hard,2nd Round,5,Altmaier D.,Monfils G.,Monfils G.,101,41,582,1280,4.5,1.2,5-7 3-6 6-7
Australian Open,2025-01-16 00:00:00,Grand Slam,Outdoor,Hard,2nd Round,5,Musetti L.,Shapovalov D.,Musetti L.,15,56,2600,1006,2.1,1.73,7-6 7-6 6-2
Australian Open,2025-01-16 00:00:00,Grand Slam,Outdoor,Hard,2nd Round,5,Carreno Busta P.,Shelton B.,Shelton B.,182,20,317,2280,3.5,1.3,3-6 3-6 7-6 4-6
Australian Open,2025-01-16 00:00:00,Grand Slam,Outdoor,Hard,2nd Round,5,De Minaur A.,Boyer T.,De Minaur A.,8,136,3535,448,1.03,15.0,6-2 6-4 6-3
Australian Open,2025-01-16 00:00:00,Grand Slam,Outdoor,Hard,2nd Round,5,Krueger M.,Moutet C.,Moutet C.,146,69,396,772,2.63,1.5,6-4 4-6 6-7 4-6
Australian Open,2025-01-16 00:00:00,Grand Slam,Outdoor,Hard,2nd Round,5,Fritz T.,Garin C.,Fritz T.,4,150,5350,382,1.04,13.0,6-2 6-1 6-0
Australian Open,2025-01-16 00:00:00,Grand Slam,Outdoor,Hard,2nd Round,5,Etcheverry T.,Giron M.,Giron M.,38,46,1315,1175,1.91,1.91,5-7 6-3 5-7 6-3 4-6
Australian Open,2025-01-16 00:00:00,Grand Slam,Outdoor,Hard,2nd Round,5,Michelsen A.,Mccabe J.,Michelsen A.,42,258,1270,216,1.11,6.5,7-5 6-3 7-6
Australian Open,2025-01-16 00:00:00,Grand Slam,Outdoor,Hard,2nd Round,5,Tiafoe F.,Marozsan F.,Marozsan F.,16,59,2560,960,1.44,2.75,7-6 4-6 6-3 4-6 1-6
Australian Open,2025-01-16 00:00:00,Grand Slam,Outdoor,Hard,2nd Round,5,Sonego L.,Fonseca J.,Sonego L.,55,112,1026,520,5.0,1.17,6-7 6-3 6-1 3-6 6-3
Australian Open,2025-01-16 00:00:00,Grand Slam,Outdoor,Hard,2nd Round,5,Berrettini M.,Rune H.,Rune H.,34,13,1380,2910,1.67,2.2,6-7 6-2 3-6 6-7
Australian Open,2025-01-16 00:00:00,Grand Slam,Outdoor,Hard,2nd Round,5,Sinner J.,Schoolkate T.,Sinner J.,1,173,11830,336,1.01,34.0,4-6 6-4 6-1 6-3
Australian Open,2025-01-16 00:00:00,Grand Slam,Outdoor,Hard,2nd Round,5,Medvedev D.,Tien L.,Tien L.,5,121,5030,493,1.17,5.0,3-6 6-7 7-6 6-1 6-7
Australian Open,2025-01-17 00:00:00,Grand Slam,Outdoor,Hard,3rd Round,5,Paul T.,Carballes Baena R.,Paul T.,11,57,3195,981,1.13,6.0,7-6 6-2 6-0
Australian Open,2025-01-17 00:00:00,Grand Slam,Outdoor,Hard,3rd Round,5,Borges N.,Alcaraz C.,Alcaraz C.,33,3,1445,7010,17.0,1.03,2-6 4-6 7-6 2-6
Australian Open,2025-01-17 00:00:00,Grand Slam,Outdoor,Hard,3rd Round,5,Zverev A.,Fearnley J.,Zverev A.,2,92,7635,632,1.07,9.0,6-3 6-4 6-4
Australian Open,2025-01-17 00:00:00,Grand Slam,Outdoor,Hard,3rd Round,5,Mensik J.,Davidovich Fokina A.,Davidovich Fokina A.,48,66,1162,790,1.5,2.63,6-3 6-4 6-7 4-6 2-6
Australian Open,2025-01-17 00:00:00,Grand Slam,Outdoor,Hard,3rd Round,5,Djokovic N.,Machac T.,Djokovic N.,7,25,3900,1805,1.22,4.33,6-1 6-4 6-4
Australian Open,2025-01-17 00:00:00,Grand Slam,Outdoor,Hard,3rd Round,5,Bonzi B.,Lehecka J.,Lehecka J.,64,29,819,1660,3.75,1.29,2-6 3-6 3-6
Australian Open,2025-01-17 00:00:00,Grand Slam,Outdoor,Hard,3rd Round,5,Draper J.,Vukic A.,Draper J.,18,68,2530,778,1.22,4.33,6-4 2-6 5-7 7-6 7-6
Australian Open,2025-01-18 00:00:00,Grand Slam,Outdoor,Hard,3rd Round,5,Khachanov K.,Michelsen A.,Michelsen A.,19,42,2410,1270,1.53,2.5,3-6 6-7 2-6
Australian Open,2025-01-18 00:00:00,Grand Slam,Outdoor,Hard,3rd Round,5,Monfils G.,Fritz T.,Monfils G.,41,4,1280,5350,7.0,1.1,3-6 7-5 7-6 6-4
Australian Open,2025-01-18 00:00:00,Grand Slam,Outdoor,Hard,3rd Round,5,Cerundolo F.,De Minaur A.,De Minaur A.,31,8,1620,3535,8.0,1.08,7-5 6-7 3-6 3-6
Australian Open,2025-01-18 00:00:00,Grand Slam,Outdoor,Hard,3rd Round,5,Sonego L.,Marozsan F.,Sonego L.,55,59,1026,960,1.8,2.0,6-7 7-6 6-1 6-2
Australian Open,2025-01-18 00:00:00,Grand Slam,Outdoor,Hard,3rd Round,5,Moutet C.,Tien L.,Tien L.,69,121,772,493,1.91,1.91,6-7 3-6 3-6
Australian Open,2025-01-18 00:00:00,Grand Slam,Outdoor,Hard,3rd Round,5,Shelton B.,Musetti L.,Shelton B.,20,15,2280,2600,1.62,2.3,6-3 3-6 6-4 7-6
Australian Open,2025-01-18 00:00:00,Grand Slam,Outdoor,Hard,3rd Round,5,Giron M.,Sinner J.,Sinner J.,46,1,1175,11830,23.0,1.01,3-6 4-6 2-6
Australian Open,2025-01-18 00:00:00,Grand Slam,Outdoor,Hard,3rd Round,5,Rune H.,Kecmanovic M.,Rune H.,13,51,2910,1096,1.44,2.75,6-7 6-3 4-6 6-4 6-4
Australian Open,2025-01-19 00:00:00,Grand Slam,Outdoor,Hard,4th Round,5,Davidovich Fokina A.,Paul T.,Paul T.,66,11,790,3195,4.0,1.25,1-6 1-6 1-6
Australian Open,2025-01-19 00:00:00,Grand Slam,Outdoor,Hard,4th Round,5,Zverev A.,Humbert U.,Zverev A.,2,14,7635,2765,1.17,5.0,6-1 2-6 6-3 6-2
Australian Open,2025-01-19 00:00:00,Grand Slam,Outdoor,Hard,4th Round,5,Lehecka J.,Djokovic N.,Djokovic N.,29,7,1660,3900,4.0,1.25,3-6 4-6 6-7
Australian Open,2025-01-20 00:00:00,Grand Slam,Outdoor,Hard,4th Round,5,Sinner J.,Rune H.,Sinner J.,1,13,11830,2910,1.08,8.0,6-3 3-6 6-3 6-2
Australian Open,2025-01-20 00:00:00,Grand Slam,Outdoor,Hard,4th Round,5,Tien L.,Sonego L.,Sonego L.,121,55,493,1026,2.2,1.67,3-6 2-6 6-3 1-6
Australian Open,2025-01-20 00:00:00,Grand Slam,Outdoor,Hard,4th Round,5,De Minaur A.,Michelsen A.,De Minaur A.,8,42,3535,1270,1.25,4.0,6-0 7-6 6-3
Australian Open,2025-01-21 00:00:00,Grand Slam,Outdoor,Hard,Quarterfinals,5,Paul T.,Zverev A.,Zverev A.,11,2,3195,7635,3.4,1.33,6-7 6-7 6-2 1-6
Australian Open,2025-01-21 00:00:00,Grand Slam,Outdoor,Hard,Quarterfinals,5,Djokovic N.,Alcaraz C.,Djokovic N.,7,3,3900,7010,2.5,1.53,4-6 6-4 6-3 6-4
Australian Open,2025-01-22 00:00:00,Grand Slam,Outdoor,Hard,Quarterfinals,5,Sonego L.,Shelton B.,Shelton B.,55,20,1026,2280,3.2,1.36,4-6 5-7 6-4 6-7
Australian Open,2025-01-22 00:00:00,Grand Slam,Outdoor,Hard,Quarterfinals,5,Sinner J.,De Minaur A.,Sinner J.,1,8,11830,3535,1.17,5.0,6-3 6-2 6-1
Australian Open,2025-01-24 00:00:00,Grand Slam,Outdoor,Hard,Semifinals,5,Shelton B.,Sinner J.,Sinner J.,20,1,2280,11830,11.0,1.05,6-7 2-6 2-6
Australian Open,2025-01-26 00:00:00,Grand Slam,Outdoor,Hard,The Final,5,Sinner J.,Zverev A.,Sinner J.,1,2,11830,7635,1.33,3.4,6-3 7-6 6-3
Open Sud de France,2025-01-27 00:00:00,ATP250,Indoor,Hard,1st Round,3,Altmaier D.,Bu Y.,Bu Y.,91,71,622,787,2.38,1.57,6-7 3-6
Open Sud de France,2025-01-27 00:00:00,ATP250,Indoor,Hard,1st Round,3,Cazaux A.,Wawrinka S.,Cazaux A.,101,154,582,361,1.53,2.5,6-4 6-3
Open Sud de France,2025-01-27 00:00:00,ATP250,Indoor,Hard,1st Round,3,Barrere G.,Koepfer D.,Koepfer D.,144,118,406,515,1.73,2.1,4-6 6-7
Open Sud de France,2025-01-28 00:00:00,ATP250,Indoor,Hard,1st Round,3,Eubanks C.,Kachmazov A.,Eubanks C.,111,199,548,299,1.8,2.0,7-5 6-4
Open Sud de France,2025-01-28 00:00:00,ATP250,Indoor,Hard,1st Round,3,Coric B.,Lestienne C.,Lestienne C.,103,177,575,323,1.8,2.0,3-6 5-7
Open Sud de France,2025-01-28 00:00:00,ATP250,Indoor,Hard,1st Round,3,Griekspoor T.,Van De Zandschulp B.,Griekspoor T.,46,84,1190,672,1.57,2.38,7-5 6-3
Open Sud de France,2025-01-28 00:00:00,ATP250,Indoor,Hard,1st Round,3,Pouille L.,Bellucci M.,Bellucci M.,104,98,575,605,1.73,2.1,4-6 4-6
Open Sud de France,2025-01-28 00:00:00,ATP250,Indoor,Hard,1st Round,3,Gasquet R.,Mannarino A.,Gasquet R.,132,108,460,561,2.1,1.73,6-3 6-2
Open Sud de France,2025-01-28 00:00:00,ATP250,Indoor,Hard,1st Round,3,Mayot H.,Rinderknech A.,Rinderknech A.,130,61,472,924,2.75,1.44,6-7 6-2 1-6
Open Sud de France,2025-01-29 00:00:00,ATP250,Indoor,Hard,1st Round,3,Kovacevic A.,Goffin D.,Kovacevic A.,102,56,577,994,1.62,2.3,6-2 3-6 6-4
Open Sud de France,2025-01-29 00:00:00,ATP250,Indoor,Hard,2nd Round,3,Eubanks C.,Rublev A.,Rublev A.,111,10,548,3130,4.0,1.25,4-6 3-6
Open Sud de France,2025-01-29 00:00:00,ATP250,Indoor,Hard,2nd Round,3,Bu Y.,Lestienne C.,Bu Y.,71,177,787,323,1.62,2.3,6-2 6-1
Open Sud de France,2025-01-29 00:00:00,ATP250,Indoor,Hard,2nd Round,3,Cazaux A.,Auger-Aliassime F.,Auger-Aliassime F.,101,23,582,1855,2.75,1.44,4-6 6-7
Open Sud de France,2025-01-29 00:00:00,ATP250,Indoor,Hard,2nd Round,3,Bublik A.,Koepfer D.,Bublik A.,39,118,1330,515,1.67,2.2,6-4 6-2
Open Sud de France,2025-01-30 00:00:00,ATP250,Indoor,Hard,2nd Round,3,Cobolli F.,De Jong J.,De Jong J.,34,131,1392,466,1.5,2.63,3-6 6-7
Open Sud de France,2025-01-30 00:00:00,ATP250,Indoor,Hard,2nd Round,3,Kovacevic A.,Bellucci M.,Kovacevic A.,102,98,577,605,1.8,2.0,7-5 7-6
Open Sud de France,2025-01-30 00:00:00,ATP250,Indoor,Hard,2nd Round,3,Gasquet R.,Griekspoor T.,Griekspoor T.,132,46,460,1190,3.2,1.36,3-6 6-3 5-7
Open Sud de France,2025-01-30 00:00:00,ATP250,Indoor,Hard,2nd Round,3,Basilashvili N.,Rinderknech A.,Basilashvili N.,178,61,323,924,2.3,1.62,6-0 7-6
Open Sud de France,2025-01-31 00:00:00,ATP250,Indoor,Hard,Quarterfinals,3,Bu Y.,Auger-Aliassime F.,Auger-Aliassime F.,71,23,787,1855,4.0,1.25,3-6 4-6
Open Sud de France,2025-01-31 00:00:00,ATP250,Indoor,Hard,Quarterfinals,3,De Jong J.,Griekspoor T.,De Jong J.,131,46,466,1190,2.75,1.44,7-6 6-4
Open Sud de France,2025-01-31 00:00:00,ATP250,Indoor,Hard,Quarterfinals,3,Bublik A.,Kovacevic A.,Kovacevic A.,39,102,1330,577,1.67,2.2,3-6 2-6
Open Sud de France,2025-02-01 00:00:00,ATP250,Indoor,Hard,Semifinals,3,Auger-Aliassime F.,De Jong J.,Auger-Aliassime F.,23,131,1855,466,1.17,5.0,6-4 7-6
Open Sud de France,2025-02-01 00:00:00,ATP250,Indoor,Hard,Semifinals,3,Rublev A.,Kovacevic A.,Kovacevic A.,10,102,3130,577,1.25,4.0,5-7 4-6
Open Sud de France,2025-02-02 00:00:00,ATP250,Indoor,Hard,The Final,3,Auger-Aliassime F.,Kovacevic A.,Auger-Aliassime F.,23,102,1855,577,1.25,4.0,6-2 6-7 7-6
Dallas Open,2025-02-03 00:00:00,ATP500,Indoor,Hard,1st Round,3,Holt B.,Davidovich Fokina A.,Davidovich Fokina A.,179,59,324,940,3.0,1.4,1-6 5-7
Dallas Open,2025-02-03 00:00:00,ATP500,Indoor,Hard,1st Round,3,Arnaldi M.,Eubanks C.,Arnaldi M.,39,104,1265,567,1.8,2.0,6-3 6-4
Dallas Open,2025-02-03 00:00:00,ATP500,Indoor,Hard,1st Round,3,Mannarino A.,Hijikata R.,Hijikata R.,107,73,561,759,2.1,1.73,5-7 3-6
Dallas Open,2025-02-04 00:00:00,ATP500,Indoor,Hard,1st Round,3,Tiafoe F.,Daniel T.,Tiafoe F.,18,117,2560,519,1.17,5.0,6-1 3-6 6-4
Dallas Open,2025-02-04 00:00:00,ATP500,Indoor,Hard,1st Round,3,Svajda T.,Quinn E.,Quinn E.,669,199,43,307,4.5,1.2,4-6 2-6
Dallas Open,2025-02-04 00:00:00,ATP500,Indoor,Hard,1st Round,3,Paul T.,Brooksby J.,Paul T.,9,1093,3495,10,1.05,11.0,6-7 6-3 6-4
Dallas Open,2025-02-04 00:00:00,ATP500,Indoor,Hard,1st Round,3,Michelsen A.,Norrie C.,Norrie C.,36,63,1370,892,1.44,2.75,6-2 6-7 1-6
Dallas Open,2025-02-05 00:00:00,ATP500,Indoor,Hard,1st Round,3,Shelton B.,Vukic A.,Shelton B.,13,66,2980,868,1.2,4.5,6-3 6-3
Dallas Open,2025-02-05 00:00:00,ATP500,Indoor,Hard,1st Round,3,Duckworth J.,Ruud C.,Ruud C.,86,5,665,4160,6.75,1.1,5-7 6-4 2-6
Dallas Open,2025-02-05 00:00:00,ATP500,Indoor,Hard,1st Round,3,Munar J.,Bu Y.,Munar J.,64,68,882,830,2.5,1.53,7-5 6-2
Dallas Open,2025-02-05 00:00:00,ATP500,Indoor,Hard,1st Round,3,Nakashima B.,Nishioka Y.,Nishioka Y.,42,67,1250,847,1.5,2.63,4-6 6-7
Dallas Open,2025-02-05 00:00:00,ATP500,Indoor,Hard,1st Round,3,Mmoh M.,Carballes Baena R.,Mmoh M.,422,51,106,1071,2.3,1.62,6-1 3-6 6-4
Dallas Open,2025-02-05 00:00:00,ATP500,Indoor,Hard,1st Round,3,Nishikori K.,Machac T.,Machac T.,71,25,793,1805,2.63,1.5,2-6 2-6
Dallas Open,2025-02-05 00:00:00,ATP500,Indoor,Hard,1st Round,3,Opelka R.,Shevchenko A.,Opelka R.,145,82,391,693,1.4,3.0,7-6 6-4
Dallas Open,2025-02-06 00:00:00,ATP500,Indoor,Hard,1st Round,3,Rinderknech A.,Fritz T.,Fritz T.,60,4,936,5050,8.0,1.08,4-6 2-6
Dallas Open,2025-02-06 00:00:00,ATP500,Indoor,Hard,1st Round,3,Shapovalov D.,Kecmanovic M.,Shapovalov D.,54,55,1021,996,1.57,2.38,6-3 6-7 6-3
Dallas Open,2025-02-06 00:00:00,ATP500,Indoor,Hard,2nd Round,3,Tiafoe F.,Nishioka Y.,Nishioka Y.,18,67,2560,847,1.53,2.5,6-3 4-6 3-6
Dallas Open,2025-02-06 00:00:00,ATP500,Indoor,Hard,2nd Round,3,Arnaldi M.,Davidovich Fokina A.,Arnaldi M.,39,59,1265,940,2.2,1.67,6-1 6-3
Dallas Open,2025-02-06 00:00:00,ATP500,Indoor,Hard,2nd Round,3,Shelton B.,Munar J.,Munar J.,13,64,2980,882,1.1,7.0,2-6 6-7
Dallas Open,2025-02-06 00:00:00,ATP500,Indoor,Hard,2nd Round,3,Machac T.,Hijikata R.,Machac T.,25,73,1805,759,1.14,5.5,6-4 7-6
Dallas Open,2025-02-06 00:00:00,ATP500,Indoor,Hard,2nd Round,3,Mmoh M.,Ruud C.,Ruud C.,422,5,106,4160,4.5,1.2,1-6 4-6
Dallas Open,2025-02-06 00:00:00,ATP500,Indoor,Hard,2nd Round,3,Opelka R.,Norrie C.,Opelka R.,145,63,391,892,1.73,2.1,4-6 7-6 6-4
Dallas Open,2025-02-07 00:00:00,ATP500,Indoor,Hard,2nd Round,3,Quinn E.,Paul T.,Paul T.,199,9,307,3495,5.5,1.14,4-6 7-5 4-6
Dallas Open,2025-02-07 00:00:00,ATP500,Indoor,Hard,2nd Round,3,Shapovalov D.,Fritz T.,Shapovalov D.,54,4,1021,5050,3.75,1.29,2-6 6-3 7-6
Dallas Open,2025-02-07 00:00:00,ATP500,Indoor,Hard,Quarterfinals,3,Arnaldi M.,Munar J.,Munar J.,39,64,1265,882,1.62,2.3,4-6 6-3 3-6
Dallas Open,2025-02-08 00:00:00,ATP500,Indoor,Hard,Quarterfinals,3,Paul T.,Opelka R.,Paul T.,9,145,3495,391,1.53,2.5,7-6 6-2
Dallas Open,2025-02-08 00:00:00,ATP500,Indoor,Hard,Quarterfinals,3,Machac T.,Shapovalov D.,Shapovalov D.,25,54,1805,1021,1.67,2.2,6-7 0-6
Dallas Open,2025-02-08 00:00:00,ATP500,Indoor,Hard,Semifinals,3,Ruud C.,Munar J.,Ruud C.,5,64,4160,882,1.33,3.4,6-2 2-6 7-6
Dallas Open,2025-02-08 00:00:00,ATP500,Indoor,Hard,Semifinals,3,Paul T.,Shapovalov D.,Shapovalov D.,9,54,3495,1021,1.5,2.63,5-7 3-6
Dallas Open,2025-02-09 00:00:00,ATP500,Indoor,Hard,The Final,3,Shapovalov D.,Ruud C.,Shapovalov D.,54,5,1021,4160,1.62,2.3,7-6 6-3
ABN AMRO World Tennis Tournament,2025-02-03 00:00:00,ATP500,Indoor,Hard,1st Round,3,Cobolli F.,Hurkacz H.,Hurkacz H.,35,21,1372,2205,3.75,1.29,3-6 2-6
ABN AMRO World Tennis Tournament,2025-02-03 00:00:00,ATP500,Indoor,Hard,1st Round,3,Tsitsipas S.,Mayot H.,Tsitsipas S.,12,138,3005,428,1.3,3.5,6-1 7-5
ABN AMRO World Tennis Tournament,2025-02-03 00:00:00,ATP500,Indoor,Hard,1st Round,3,Wawrinka S.,Medvedev D.,Medvedev D.,155,7,361,3780,5.5,1.14,7-6 4-6 1-6
ABN AMRO World Tennis Tournament,2025-02-03 00:00:00,ATP500,Indoor,Hard,1st Round,3,Bellucci M.,Rottgering M.,Bellucci M.,92,839,624,24,1.05,11.0,6-3 6-2
ABN AMRO World Tennis Tournament,2025-02-04 00:00:00,ATP500,Indoor,Hard,1st Round,3,Popyrin A.,Lehecka J.,Lehecka J.,26,24,1800,1810,3.0,1.4,5-7 2-6
ABN AMRO World Tennis Tournament,2025-02-04 00:00:00,ATP500,Indoor,Hard,1st Round,3,De Minaur A.,Goffin D.,De Minaur A.,8,56,3735,994,1.06,10.0,6-2 6-4
ABN AMRO World Tennis Tournament,2025-02-04 00:00:00,ATP500,Indoor,Hard,1st Round,3,Bublik A.,Mensik J.,Mensik J.,49,47,1130,1182,3.0,1.4,4-6 4-6
ABN AMRO World Tennis Tournament,2025-02-04 00:00:00,ATP500,Indoor,Hard,1st Round,3,Rublev A.,Zhang Zh.,Rublev A.,10,50,3220,1100,1.22,4.33,6-3 6-4
ABN AMRO World Tennis Tournament,2025-02-04 00:00:00,ATP500,Indoor,Hard,1st Round,3,Bautista Agut R.,Martinez P.,Martinez P.,52,44,1067,1205,1.67,2.2,3-6 2-6
ABN AMRO World Tennis Tournament,2025-02-04 00:00:00,ATP500,Indoor,Hard,1st Round,3,Alcaraz C.,Van De Zandschulp B.,Alcaraz C.,3,84,7010,672,1.07,9.0,7-6 3-6 6-1
ABN AMRO World Tennis Tournament,2025-02-04 00:00:00,ATP500,Indoor,Hard,1st Round,3,Sonego L.,Rune H.,Rune H.,34,14,1376,2970,3.2,1.36,6-7 4-6
ABN AMRO World Tennis Tournament,2025-02-05 00:00:00,ATP500,Indoor,Hard,1st Round,3,Fils A.,Lestienne C.,Fils A.,19,169,2330,336,1.2,4.5,6-7 6-2 6-1
ABN AMRO World Tennis Tournament,2025-02-05 00:00:00,ATP500,Indoor,Hard,1st Round,3,Kovacevic A.,Altmaier D.,Altmaier D.,75,93,748,622,1.13,5.78,6-1 4-6 3-6
ABN AMRO World Tennis Tournament,2025-02-05 00:00:00,ATP500,Indoor,Hard,1st Round,3,Marozsan F.,Struff J.L.,Marozsan F.,57,45,960,1200,2.2,1.67,6-3 4-6 7-6
ABN AMRO World Tennis Tournament,2025-02-05 00:00:00,ATP500,Indoor,Hard,1st Round,3,Berrettini M.,Griekspoor T.,Griekspoor T.,33,43,1430,1230,1.57,2.38,3-6 7-6 6-7
ABN AMRO World Tennis Tournament,2025-02-05 00:00:00,ATP500,Indoor,Hard,2nd Round,3,Bellucci M.,Medvedev D.,Bellucci M.,92,7,624,3780,3.5,1.3,6-3 6-7 6-3
ABN AMRO World Tennis Tournament,2025-02-06 00:00:00,ATP500,Indoor,Hard,2nd Round,3,Mensik J.,De Minaur A.,De Minaur A.,47,8,1182,3735,3.0,1.4,4-6 4-6
ABN AMRO World Tennis Tournament,2025-02-06 00:00:00,ATP500,Indoor,Hard,2nd Round,3,Altmaier D.,Fils A.,Altmaier D.,93,19,622,2330,4.0,1.25,6-4 3-6 7-5
ABN AMRO World Tennis Tournament,2025-02-06 00:00:00,ATP500,Indoor,Hard,2nd Round,3,Marozsan F.,Rublev A.,Rublev A.,57,10,960,3220,4.0,1.25,6-7 6-7
ABN AMRO World Tennis Tournament,2025-02-06 00:00:00,ATP500,Indoor,Hard,2nd Round,3,Tsitsipas S.,Griekspoor T.,Tsitsipas S.,12,43,3005,1230,1.73,2.1,6-7 7-6 7-5
ABN AMRO World Tennis Tournament,2025-02-06 00:00:00,ATP500,Indoor,Hard,2nd Round,3,Vavassori A.,Alcaraz C.,Alcaraz C.,317,3,163,7010,9.0,1.07,2-6 1-6
ABN AMRO World Tennis Tournament,2025-02-06 00:00:00,ATP500,Indoor,Hard,2nd Round,3,Martinez P.,Rune H.,Martinez P.,44,14,1205,2970,4.5,1.2,6-4 6-1
ABN AMRO World Tennis Tournament,2025-02-07 00:00:00,ATP500,Indoor,Hard,Quarterfinals,3,Altmaier D.,De Minaur A.,De Minaur A.,93,8,622,3735,10.0,1.06,1-6 4-6
ABN AMRO World Tennis Tournament,2025-02-07 00:00:00,ATP500,Indoor,Hard,Quarterfinals,3,Bellucci M.,Tsitsipas S.,Bellucci M.,92,12,624,3005,2.75,1.44,6-4 6-2
ABN AMRO World Tennis Tournament,2025-02-07 00:00:00,ATP500,Indoor,Hard,Quarterfinals,3,Martinez P.,Alcaraz C.,Alcaraz C.,44,3,1205,7010,11.0,1.05,2-6 1-6
ABN AMRO World Tennis Tournament,2025-02-07 00:00:00,ATP500,Indoor,Hard,Quarterfinals,3,Hurkacz H.,Rublev A.,Hurkacz H.,21,10,2205,3220,2.1,1.73,6-7 6-3 6-4
ABN AMRO World Tennis Tournament,2025-02-08 00:00:00,ATP500,Indoor,Hard,Semifinals,3,Bellucci M.,De Minaur A.,De Minaur A.,92,8,624,3735,4.5,1.17,1-6 2-6
ABN AMRO World Tennis Tournament,2025-02-08 00:00:00,ATP500,Indoor,Hard,Semifinals,3,Alcaraz C.,Hurkacz H.,Alcaraz C.,3,21,7010,2205,1.25,4.0,6-4 6-7 6-3
ABN AMRO World Tennis Tournament,2025-02-09 00:00:00,ATP500,Indoor,Hard,The Final,3,De Minaur A.,Alcaraz C.,Alcaraz C.,8,3,3735,7010,3.2,1.36,4-6 6-3 2-6
Argentina Open,2025-02-10 00:00:00,ATP250,Outdoor,Clay,1st Round,3,Lajovic D.,Carballes Baena R.,Lajovic D.,81,50,717,1071,2.5,1.53,7-6 7-5
Argentina Open,2025-02-10 00:00:00,ATP250,Outdoor,Clay,1st Round,3,Muller A.,Djere L.,Djere L.,58,112,953,525,2.38,1.57,3-6 3-6
Argentina Open,2025-02-10 00:00:00,ATP250,Outdoor,Clay,1st Round,3,Seyboth Wild T.,Diaz Acosta F.,Seyboth Wild T.,77,75,732,748,2.2,1.67,3-6 6-2 6-3
Argentina Open,2025-02-11 00:00:00,ATP250,Outdoor,Clay,1st Round,3,Comesana F.,Navone M.,Navone M.,84,47,674,1158,3.0,1.4,4-6 4-6
Argentina Open,2025-02-11 00:00:00,ATP250,Outdoor,Clay,1st Round,3,Baez S.,Ugo Carabelli C.,Baez S.,31,87,1535,672,1.4,3.0,6-4 6-4
Argentina Open,2025-02-11 00:00:00,ATP250,Outdoor,Clay,1st Round,3,Burruchaga R.,Cerundolo J.M.,Cerundolo J.M.,141,139,428,432,1.8,2.0,6-7 7-5 5-7
Argentina Open,2025-02-11 00:00:00,ATP250,Outdoor,Clay,1st Round,3,Cerundolo F.,Darderi L.,Cerundolo F.,28,59,1670,945,1.36,3.2,6-4 6-4
Argentina Open,2025-02-12 00:00:00,ATP250,Outdoor,Clay,1st Round,3,Etcheverry T.,Fonseca J.,Fonseca J.,44,99,1240,600,2.0,1.8,3-6 3-6
Argentina Open,2025-02-12 00:00:00,ATP250,Outdoor,Clay,1st Round,3,Coria F.,Gaston H.,Coria F.,115,91,501,649,1.67,2.2,6-3 6-2
Argentina Open,2025-02-12 00:00:00,ATP250,Outdoor,Clay,1st Round,3,Dzumhur D.,Martinez P.,Martinez P.,90,41,654,1295,3.2,1.36,6-0 2-6 6-7
Argentina Open,2025-02-12 00:00:00,ATP250,Outdoor,Clay,1st Round,3,Schwartzman D.,Jarry N.,Schwartzman D.,386,40,124,1340,4.33,1.22,7-6 4-6 6-3
Argentina Open,2025-02-12 00:00:00,ATP250,Outdoor,Clay,1st Round,3,Nagal S.,Moutet C.,Moutet C.,129,66,473,872,2.75,1.44,5-7 2-6
Argentina Open,2025-02-12 00:00:00,ATP250,Outdoor,Clay,2nd Round,3,Djere L.,Tabilo A.,Djere L.,112,27,525,1705,1.53,2.5,2-6 6-1 7-6
Argentina Open,2025-02-12 00:00:00,ATP250,Outdoor,Clay,2nd Round,3,Lajovic D.,Zverev A.,Zverev A.,81,2,717,8135,6.5,1.11,4-6 4-6
Argentina Open,2025-02-12 00:00:00,ATP250,Outdoor,Clay,2nd Round,3,Seyboth Wild T.,Baez S.,Seyboth Wild T.,77,31,732,1535,2.63,1.5,6-3 6-4
Argentina Open,2025-02-12 00:00:00,ATP250,Outdoor,Clay,2nd Round,3,Cerundolo J.M.,Cerundolo F.,Cerundolo F.,139,28,432,1670,5.0,1.17,2-6 3-6
Argentina Open,2025-02-13 00:00:00,ATP250,Outdoor,Clay,2nd Round,3,Fonseca J.,Coria F.,Fonseca J.,99,115,600,501,1.13,6.0,2-6 6-4 6-2
Argentina Open,2025-02-13 00:00:00,ATP250,Outdoor,Clay,2nd Round,3,Schwartzman D.,Martinez P.,Martinez P.,386,41,124,1295,3.2,1.36,2-6 2-6
Argentina Open,2025-02-13 00:00:00,ATP250,Outdoor,Clay,2nd Round,3,Navone M.,Rune H.,Navone M.,47,12,1158,3010,2.38,1.57,6-1 7-6
Argentina Open,2025-02-13 00:00:00,ATP250,Outdoor,Clay,2nd Round,3,Moutet C.,Musetti L.,Musetti L.,66,16,872,2650,3.5,1.3,2-6 3-6
Argentina Open,2025-02-14 00:00:00,ATP250,Outdoor,Clay,Quarterfinals,3,Djere L.,Seyboth Wild T.,Djere L.,112,77,525,732,1.73,2.1,7-6 6-3
Argentina Open,2025-02-14 00:00:00,ATP250,Outdoor,Clay,Quarterfinals,3,Navone M.,Fonseca J.,Fonseca J.,47,99,1158,600,2.38,1.57,6-3 4-6 5-7
Argentina Open,2025-02-14 00:00:00,ATP250,Outdoor,Clay,Quarterfinals,3,Cerundolo F.,Zverev A.,Cerundolo F.,28,2,1670,8135,3.5,1.3,3-6 6-3 6-2
Argentina Open,2025-02-15 00:00:00,ATP250,Outdoor,Clay,Semifinals,3,Djere L.,Fonseca J.,Fonseca J.,112,99,525,600,2.3,1.62,6-7 7-5 1-6
Argentina Open,2025-02-15 00:00:00,ATP250,Outdoor,Clay,Semifinals,3,Cerundolo F.,Martinez P.,Cerundolo F.,28,41,1670,1295,1.3,3.5,6-2 6-4
Argentina Open,2025-02-16 00:00:00,ATP250,Outdoor,Clay,The Final,3,Cerundolo F.,Fonseca J.,Fonseca J.,28,99,1670,600,1.62,2.3,4-6 6-7
Delray Beach Open,2025-02-10 00:00:00,ATP250,Outdoor,Hard,1st Round,3,Kecmanovic M.,Gojo B.,Kecmanovic M.,56,414,996,111,1.36,3.2,6-4 6-4
Delray Beach Open,2025-02-10 00:00:00,ATP250,Outdoor,Hard,1st Round,3,Svajda Z.,Norrie C.,Norrie C.,169,61,339,934,2.75,1.44,5-7 4-6
Delray Beach Open,2025-02-10 00:00:00,ATP250,Outdoor,Hard,1st Round,3,Quinn E.,Boyer T.,Quinn E.,150,113,382,524,2.0,1.8,6-2 6-7 7-6
Delray Beach Open,2025-02-10 00:00:00,ATP250,Outdoor,Hard,1st Round,3,Shevchenko A.,Mmoh M.,Mmoh M.,88,328,668,156,1.91,1.91,5-7 6-7
Delray Beach Open,2025-02-11 00:00:00,ATP250,Outdoor,Hard,1st Round,3,Nakashima B.,Trotter J.K.,Nakashima B.,43,182,1250,321,1.33,3.4,7-6 6-1
Delray Beach Open,2025-02-11 00:00:00,ATP250,Outdoor,Hard,1st Round,3,Vukic A.,Nishioka Y.,Nishioka Y.,67,63,868,922,2.2,1.67,3-6 4-6
Delray Beach Open,2025-02-11 00:00:00,ATP250,Outdoor,Hard,1st Round,3,Davidovich Fokina A.,Daniel T.,Davidovich Fokina A.,60,119,940,494,1.3,3.5,6-2 7-6
Delray Beach Open,2025-02-11 00:00:00,ATP250,Outdoor,Hard,1st Round,3,Hijikata R.,Bu Y.,Bu Y.,72,69,784,830,2.2,1.67,2-6 0-6
Delray Beach Open,2025-02-11 00:00:00,ATP250,Outdoor,Hard,1st Round,3,Rinderknech A.,Popko D.,Rinderknech A.,65,208,899,289,1.13,6.0,6-2 6-4
Delray Beach Open,2025-02-11 00:00:00,ATP250,Outdoor,Hard,1st Round,3,Nishikori K.,McDonald M.,McDonald M.,71,123,793,488,1.5,2.63,6-7 6-4 5-7
Delray Beach Open,2025-02-12 00:00:00,ATP250,Outdoor,Hard,1st Round,3,Opelka R.,Eubanks C.,Opelka R.,121,104,491,567,1.44,2.75,6-3 7-6
Delray Beach Open,2025-02-12 00:00:00,ATP250,Outdoor,Hard,1st Round,3,Walton A.,Tien L.,Tien L.,89,82,655,707,3.0,1.4,4-6 3-6
Delray Beach Open,2025-02-12 00:00:00,ATP250,Outdoor,Hard,2nd Round,3,Norrie C.,Rinderknech A.,Norrie C.,61,65,934,899,1.4,3.0,7-6 6-2
Delray Beach Open,2025-02-12 00:00:00,ATP250,Outdoor,Hard,2nd Round,3,Quinn E.,Giron M.,Giron M.,150,49,382,1125,3.2,1.36,3-6 4-6
Delray Beach Open,2025-02-13 00:00:00,ATP250,Outdoor,Hard,2nd Round,3,Nakashima B.,Opelka R.,Nakashima B.,43,121,1250,491,2.0,1.8,3-6 7-5 6-2
Delray Beach Open,2025-02-13 00:00:00,ATP250,Outdoor,Hard,2nd Round,3,McDonald M.,Davidovich Fokina A.,Davidovich Fokina A.,123,60,488,940,2.63,1.5,2-6 7-5 0-6
Delray Beach Open,2025-02-13 00:00:00,ATP250,Outdoor,Hard,2nd Round,3,Arnaldi M.,Tien L.,Arnaldi M.,38,82,1355,707,1.73,2.1,7-6 4-6 7-6
Delray Beach Open,2025-02-14 00:00:00,ATP250,Outdoor,Hard,2nd Round,3,Bu Y.,Fritz T.,Fritz T.,69,4,830,5100,8.0,1.08,6-7 2-6
Delray Beach Open,2025-02-14 00:00:00,ATP250,Outdoor,Hard,Quarterfinals,3,Kecmanovic M.,Giron M.,Kecmanovic M.,56,49,996,1125,2.0,1.8,2-6 6-4 6-2
Delray Beach Open,2025-02-14 00:00:00,ATP250,Outdoor,Hard,Quarterfinals,3,Norrie C.,Michelsen A.,Michelsen A.,61,37,934,1370,2.2,1.67,6-7 5-7
Delray Beach Open,2025-02-14 00:00:00,ATP250,Outdoor,Hard,Quarterfinals,3,Arnaldi M.,Nakashima B.,Arnaldi M.,38,43,1355,1250,2.3,1.62,7-6 6-4
Delray Beach Open,2025-02-15 00:00:00,ATP250,Outdoor,Hard,Quarterfinals,3,Fritz T.,Davidovich Fokina A.,Davidovich Fokina A.,4,60,5100,940,1.2,4.5,6-7 6-7
Delray Beach Open,2025-02-15 00:00:00,ATP250,Outdoor,Hard,Semifinals,3,Kecmanovic M.,Michelsen A.,Kecmanovic M.,56,37,996,1370,2.3,1.62,7-6 6-3
Delray Beach Open,2025-02-16 00:00:00,ATP250,Outdoor,Hard,Semifinals,3,Arnaldi M.,Davidovich Fokina A.,Davidovich Fokina A.,38,60,1355,940,1.67,2.2,4-6 4-6
Delray Beach Open,2025-02-16 00:00:00,ATP250,Outdoor,Hard,The Final,3,Kecmanovic M.,Davidovich Fokina A.,Kecmanovic M.,56,60,996,940,1.8,2.0,3-6 6-1 7-5
Open 13,2025-02-10 00:00:00,ATP250,Indoor,Hard,1st Round,3,Collignon R.,Medjedovic H.,Medjedovic H.,122,96,491,617,3.4,1.33,3-6 4-6
Open 13,2025-02-10 00:00:00,ATP250,Indoor,Hard,1st Round,3,Virtanen O.,Korda S.,Virtanen O.,98,23,614,2000,3.2,1.36,6-7 7-6 6-4
Open 13,2025-02-10 00:00:00,ATP250,Indoor,Hard,1st Round,3,Van De Zandschulp B.,Sonego L.,Sonego L.,85,35,672,1376,2.0,1.8,1-6 6-3 3-6
Open 13,2025-02-11 00:00:00,ATP250,Indoor,Hard,1st Round,3,Altmaier D.,Nardi L.,Altmaier D.,80,83,728,681,2.0,1.8,6-2 6-2
Open 13,2025-02-11 00:00:00,ATP250,Indoor,Hard,1st Round,3,Gasquet R.,Bublik A.,Bublik A.,128,48,478,1130,2.3,1.62,4-6 4-6
Open 13,2025-02-11 00:00:00,ATP250,Indoor,Hard,1st Round,3,Van Assche L.,Bonzi B.,Van Assche L.,164,64,346,911,2.63,1.5,3-6 6-3 7-6
Open 13,2025-02-11 00:00:00,ATP250,Indoor,Hard,1st Round,3,Guinard M.,Struff J.L.,Struff J.L.,280,46,191,1200,4.5,1.2,5-7 6-7
Open 13,2025-02-11 00:00:00,ATP250,Indoor,Hard,1st Round,3,Borges N.,Wawrinka S.,Borges N.,39,158,1345,361,1.57,2.38,6-7 7-6 6-3
Open 13,2025-02-11 00:00:00,ATP250,Indoor,Hard,1st Round,3,Chidekh C.,Bergs Z.,Bergs Z.,189,62,317,932,3.2,1.36,4-6 4-6
Open 13,2025-02-11 00:00:00,ATP250,Indoor,Hard,1st Round,3,Zhang Zh.,Halys Q.,Zhang Zh.,52,74,1050,756,1.73,2.1,6-3 6-7 7-6
Open 13,2025-02-12 00:00:00,ATP250,Indoor,Hard,1st Round,3,Gea A.,Grenier H.,Grenier H.,306,202,171,306,1.73,2.1,5-7 4-6
Open 13,2025-02-12 00:00:00,ATP250,Indoor,Hard,1st Round,3,Herbert P.,Mayot H.,Herbert P.,192,136,315,447,1.91,1.91,2-6 7-5 6-3
Open 13,2025-02-12 00:00:00,ATP250,Indoor,Hard,2nd Round,3,Virtanen O.,Altmaier D.,Altmaier D.,98,80,614,728,1.73,2.1,4-6 3-6
Open 13,2025-02-12 00:00:00,ATP250,Indoor,Hard,2nd Round,3,Medjedovic H.,Khachanov K.,Medjedovic H.,96,21,617,2210,2.3,1.62,6-2 6-3
Open 13,2025-02-12 00:00:00,ATP250,Indoor,Hard,2nd Round,3,Bublik A.,Humbert U.,Humbert U.,48,17,1130,2625,3.75,1.29,6-7 4-6
Open 13,2025-02-13 00:00:00,ATP250,Indoor,Hard,2nd Round,3,Bergs Z.,Borges N.,Bergs Z.,62,39,932,1345,1.73,2.1,6-2 6-7 6-2
Open 13,2025-02-13 00:00:00,ATP250,Indoor,Hard,2nd Round,3,Hurkacz H.,Zhang Zh.,Zhang Zh.,20,52,2305,1050,1.25,4.0,4-6 7-6 3-6
Open 13,2025-02-13 00:00:00,ATP250,Indoor,Hard,2nd Round,3,Medvedev D.,Herbert P.,Medvedev D.,8,192,3830,315,1.14,5.5,6-2 6-4
Open 13,2025-02-13 00:00:00,ATP250,Indoor,Hard,2nd Round,3,Grenier H.,Struff J.L.,Struff J.L.,202,46,306,1200,3.2,1.36,4-6 7-5 4-6
Open 13,2025-02-14 00:00:00,ATP250,Indoor,Hard,Quarterfinals,3,Humbert U.,Sonego L.,Humbert U.,17,35,2625,1376,1.36,3.2,6-4 6-4
Open 13,2025-02-14 00:00:00,ATP250,Indoor,Hard,Quarterfinals,3,Struff J.L.,Medvedev D.,Medvedev D.,46,8,1200,3830,4.33,1.19,3-6 2-6
Open 13,2025-02-14 00:00:00,ATP250,Indoor,Hard,Quarterfinals,3,Medjedovic H.,Altmaier D.,Medjedovic H.,96,80,617,728,1.44,2.75,7-5 6-7 6-4
Open 13,2025-02-15 00:00:00,ATP250,Indoor,Hard,Semifinals,3,Bergs Z.,Humbert U.,Humbert U.,62,17,932,2625,3.2,1.36,4-6 4-6
Open 13,2025-02-15 00:00:00,ATP250,Indoor,Hard,Semifinals,3,Medjedovic H.,Medvedev D.,Medjedovic H.,96,8,617,3830,3.75,1.29,6-3 6-2
Open 13,2025-02-16 00:00:00,ATP250,Indoor,Hard,The Final,3,Medjedovic H.,Humbert U.,Humbert U.,96,17,617,2625,3.0,1.4,6-7 4-6
Qatar Exxon Mobil Open,2025-02-17 00:00:00,ATP500,Outdoor,Hard,1st Round,3,O Connell C.,Habib H.,O Connell C.,82,166,730,341,1.3,3.5,7-6 7-6
Qatar Exxon Mobil Open,2025-02-17 00:00:00,ATP500,Outdoor,Hard,1st Round,3,Dimitrov G.,Lehecka J.,Lehecka J.,15,25,2745,1835,2.1,1.73,4-6 4-6
Qatar Exxon Mobil Open,2025-02-17 00:00:00,ATP500,Outdoor,Hard,1st Round,3,Marozsan F.,Dougaz A.,Marozsan F.,57,216,1010,265,1.17,5.0,7-5 6-3
Qatar Exxon Mobil Open,2025-02-17 00:00:00,ATP500,Outdoor,Hard,1st Round,3,Cilic M.,Alcaraz C.,Alcaraz C.,192,3,313,7410,17.0,1.03,4-6 4-6
Qatar Exxon Mobil Open,2025-02-17 00:00:00,ATP500,Outdoor,Hard,1st Round,3,Draper J.,Popyrin A.,Draper J.,16,27,2680,1800,1.4,3.0,6-2 7-6
Qatar Exxon Mobil Open,2025-02-18 00:00:00,ATP500,Outdoor,Hard,1st Round,3,Safiullin R.,De Minaur A.,De Minaur A.,71,8,823,3735,8.0,1.08,1-6 5-7
Qatar Exxon Mobil Open,2025-02-18 00:00:00,ATP500,Outdoor,Hard,1st Round,3,Van De Zandschulp B.,Shelbayh A.,Van De Zandschulp B.,87,267,672,201,1.2,4.5,7-5 6-3
Qatar Exxon Mobil Open,2025-02-18 00:00:00,ATP500,Outdoor,Hard,1st Round,3,Zhang Zh.,Nardi L.,Nardi L.,49,85,1100,674,1.62,2.3,4-6 3-6
Qatar Exxon Mobil Open,2025-02-18 00:00:00,ATP500,Outdoor,Hard,1st Round,3,Borges N.,Virtanen O.,Borges N.,39,92,1345,639,1.4,3.0,7-6 6-3
Qatar Exxon Mobil Open,2025-02-18 00:00:00,ATP500,Outdoor,Hard,1st Round,3,Bautista Agut R.,Bergs Z.,Bergs Z.,54,58,1052,1007,2.1,1.73,4-6 6-7
Qatar Exxon Mobil Open,2025-02-18 00:00:00,ATP500,Outdoor,Hard,1st Round,3,Griekspoor T.,Struff J.L.,Griekspoor T.,51,44,1080,1200,1.57,2.38,7-6 7-6
Qatar Exxon Mobil Open,2025-02-18 00:00:00,ATP500,Outdoor,Hard,1st Round,3,Bublik A.,Rublev A.,Rublev A.,48,10,1105,3220,3.75,1.29,3-6 4-6
Qatar Exxon Mobil Open,2025-02-18 00:00:00,ATP500,Outdoor,Hard,1st Round,3,Medvedev D.,Khachanov K.,Medvedev D.,6,21,3930,2210,1.57,2.38,4-6 7-5 6-3
Qatar Exxon Mobil Open,2025-02-18 00:00:00,ATP500,Outdoor,Hard,1st Round,3,Halys Q.,Auger-Aliassime F.,Auger-Aliassime F.,79,23,734,1965,4.0,1.25,6-4 4-6 6-7
Qatar Exxon Mobil Open,2025-02-18 00:00:00,ATP500,Outdoor,Hard,1st Round,3,Berrettini M.,Djokovic N.,Berrettini M.,35,7,1430,3900,3.75,1.29,7-6 6-2
Qatar Exxon Mobil Open,2025-02-18 00:00:00,ATP500,Outdoor,Hard,1st Round,3,Tsitsipas S.,Medjedovic H.,Medjedovic H.,11,73,3095,782,1.44,2.75,6-7 7-5 6-7
Qatar Exxon Mobil Open,2025-02-19 00:00:00,ATP500,Outdoor,Hard,2nd Round,3,De Minaur A.,Van De Zandschulp B.,De Minaur A.,8,87,3735,672,1.14,5.5,6-4 6-4
Qatar Exxon Mobil Open,2025-02-19 00:00:00,ATP500,Outdoor,Hard,2nd Round,3,Borges N.,Rublev A.,Rublev A.,39,10,1345,3220,3.5,1.3,3-6 4-6
Qatar Exxon Mobil Open,2025-02-19 00:00:00,ATP500,Outdoor,Hard,2nd Round,3,Draper J.,O Connell C.,Draper J.,16,82,2680,730,1.2,4.5,6-2 6-1
Qatar Exxon Mobil Open,2025-02-19 00:00:00,ATP500,Outdoor,Hard,2nd Round,3,Bergs Z.,Medvedev D.,Medvedev D.,58,6,1007,3930,3.2,1.36,2-6 1-6
Qatar Exxon Mobil Open,2025-02-19 00:00:00,ATP500,Outdoor,Hard,2nd Round,3,Lehecka J.,Marozsan F.,Lehecka J.,25,57,1835,1010,1.3,3.5,6-4 6-2
Qatar Exxon Mobil Open,2025-02-19 00:00:00,ATP500,Outdoor,Hard,2nd Round,3,Nardi L.,Alcaraz C.,Alcaraz C.,85,3,674,7410,15.0,1.03,1-6 6-4 3-6
Qatar Exxon Mobil Open,2025-02-19 00:00:00,ATP500,Outdoor,Hard,2nd Round,3,Berrettini M.,Griekspoor T.,Berrettini M.,35,51,1430,1080,1.4,3.0,7-6 6-7 6-4
Qatar Exxon Mobil Open,2025-02-20 00:00:00,ATP500,Outdoor,Hard,Quarterfinals,3,De Minaur A.,Rublev A.,Rublev A.,8,10,3735,3220,1.67,2.2,1-6 6-3 6-7
Qatar Exxon Mobil Open,2025-02-20 00:00:00,ATP500,Outdoor,Hard,Quarterfinals,3,Lehecka J.,Alcaraz C.,Lehecka J.,25,3,1835,7410,4.0,1.25,6-3 3-6 6-4
Qatar Exxon Mobil Open,2025-02-20 00:00:00,ATP500,Outdoor,Hard,Quarterfinals,3,Berrettini M.,Draper J.,Draper J.,35,16,1430,2680,2.2,1.67,6-4 4-6 3-6
Qatar Exxon Mobil Open,2025-02-21 00:00:00,ATP500,Outdoor,Hard,Semifinals,3,Rublev A.,Auger-Aliassime F.,Rublev A.,10,23,3220,1965,1.67,2.2,7-5 4-6 7-6
Qatar Exxon Mobil Open,2025-02-21 00:00:00,ATP500,Outdoor,Hard,Semifinals,3,Lehecka J.,Draper J.,Draper J.,25,16,1835,2680,2.2,1.67,6-3 6-7 3-6
Qatar Exxon Mobil Open,2025-02-22 00:00:00,ATP500,Outdoor,Hard,The Final,3,Rublev A.,Draper J.,Rublev A.,10,16,3220,2680,2.0,1.8,7-5 5-7 6-1
Rio Open,2025-02-17 00:00:00,ATP500,Outdoor,Clay,1st Round,3,Meligeni Alves F.,Shevchenko A.,Shevchenko A.,149,103,382,568,1.67,2.2,4-6 2-6
Rio Open,2025-02-17 00:00:00,ATP500,Outdoor,Clay,1st Round,3,Jarry N.,Cerundolo J.M.,Jarry N.,47,127,1175,464,1.4,3.0,4-6 6-3 6-4
Rio Open,2025-02-17 00:00:00,ATP500,Outdoor,Clay,1st Round,3,Heide G.,Comesana F.,Comesana F.,162,86,359,673,2.3,1.62,6-7 7-6 3-6
Rio Open,2025-02-17 00:00:00,ATP500,Outdoor,Clay,1st Round,3,Monteiro T.,Diaz Acosta F.,Monteiro T.,99,119,590,498,1.8,2.0,3-6 6-3 7-6
Rio Open,2025-02-18 00:00:00,ATP500,Outdoor,Clay,1st Round,3,Seyboth Wild T.,Munar J.,Munar J.,75,55,757,1032,2.1,1.73,4-6 6-3 0-6
Rio Open,2025-02-18 00:00:00,ATP500,Outdoor,Clay,1st Round,3,Tseng C.H.,Tabilo A.,Tseng C.H.,125,28,480,1690,4.0,1.25,6-2 7-5
Rio Open,2025-02-18 00:00:00,ATP500,Outdoor,Clay,1st Round,3,Burruchaga R.,Baez S.,Baez S.,137,31,435,1510,3.39,1.34,3-6 5-7
Rio Open,2025-02-18 00:00:00,ATP500,Outdoor,Clay,1st Round,3,Dzumhur D.,Lajovic D.,Dzumhur D.,97,83,619,692,2.75,1.44,6-3 6-4
Rio Open,2025-02-18 00:00:00,ATP500,Outdoor,Clay,1st Round,3,Moutet C.,Etcheverry T.,Etcheverry T.,66,43,897,1215,3.2,1.36,3-6 6-7
Rio Open,2025-02-18 00:00:00,ATP500,Outdoor,Clay,1st Round,3,Navone M.,Carballes Baena R.,Navone M.,46,53,1195,1071,1.53,2.5,6-4 6-3
Rio Open,2025-02-18 00:00:00,ATP500,Outdoor,Clay,1st Round,3,Barrios M.,Faria J.,Faria J.,139,107,432,561,1.62,2.3,2-6 5-7
Rio Open,2025-02-18 00:00:00,ATP500,Outdoor,Clay,1st Round,3,Cerundolo F.,Gaston H.,Cerundolo F.,26,93,1825,636,1.14,5.5,7-6 6-0
Rio Open,2025-02-18 00:00:00,ATP500,Outdoor,Clay,1st Round,3,Bu Y.,Zverev A.,Zverev A.,69,2,847,8135,13.0,1.04,6-7 4-6
Rio Open,2025-02-18 00:00:00,ATP500,Outdoor,Clay,1st Round,3,Ugo Carabelli C.,Martinez P.,Ugo Carabelli C.,91,37,644,1385,2.75,1.44,4-6 6-3 6-3
Rio Open,2025-02-19 00:00:00,ATP500,Outdoor,Clay,1st Round,3,Fonseca J.,Muller A.,Muller A.,68,60,850,953,1.17,5.0,1-6 6-7
Rio Open,2025-02-19 00:00:00,ATP500,Outdoor,Clay,2nd Round,3,Comesana F.,Jarry N.,Comesana F.,86,47,673,1175,2.5,1.53,7-6 6-7 7-6
Rio Open,2025-02-19 00:00:00,ATP500,Outdoor,Clay,2nd Round,3,Navone M.,Baez S.,Baez S.,46,31,1195,1510,1.73,2.1,4-6 6-1 3-6
Rio Open,2025-02-19 00:00:00,ATP500,Outdoor,Clay,2nd Round,3,Zverev A.,Shevchenko A.,Zverev A.,2,103,8135,568,1.08,8.0,7-6 7-6
Rio Open,2025-02-20 00:00:00,ATP500,Outdoor,Clay,2nd Round,3,Monteiro T.,Tseng C.H.,Tseng C.H.,99,125,590,480,1.44,2.75,7-6 3-6 6-7
Rio Open,2025-02-20 00:00:00,ATP500,Outdoor,Clay,2nd Round,3,Faria J.,Munar J.,Faria J.,107,55,561,1032,3.4,1.33,6-4 2-6 6-3
Rio Open,2025-02-20 00:00:00,ATP500,Outdoor,Clay,2nd Round,3,Dzumhur D.,Ugo Carabelli C.,Ugo Carabelli C.,97,91,619,644,2.3,1.62,4-6 4-6
Rio Open,2025-02-20 00:00:00,ATP500,Outdoor,Clay,2nd Round,3,Cerundolo F.,Darderi L.,Cerundolo F.,26,61,1825,945,1.29,3.75,6-7 6-3 6-2
Rio Open,2025-02-21 00:00:00,ATP500,Outdoor,Clay,2nd Round,3,Etcheverry T.,Muller A.,Muller A.,43,60,1215,953,1.44,2.75,5-7 6-7
Rio Open,2025-02-21 00:00:00,ATP500,Outdoor,Clay,Quarterfinals,3,Baez S.,Tseng C.H.,Baez S.,31,125,1510,480,1.36,3.2,6-4 6-1
Rio Open,2025-02-21 00:00:00,ATP500,Outdoor,Clay,Quarterfinals,3,Faria J.,Ugo Carabelli C.,Ugo Carabelli C.,107,91,561,644,2.2,1.67,6-7 4-6
Rio Open,2025-02-21 00:00:00,ATP500,Outdoor,Clay,Quarterfinals,3,Comesana F.,Zverev A.,Comesana F.,86,2,673,8135,6.0,1.13,4-6 6-3 6-4
Rio Open,2025-02-22 00:00:00,ATP500,Outdoor,Clay,Quarterfinals,3,Cerundolo F.,Muller A.,Muller A.,26,60,1825,953,1.5,2.63,5-7 1-6
Rio Open,2025-02-22 00:00:00,ATP500,Outdoor,Clay,Semifinals,3,Baez S.,Ugo Carabelli C.,Baez S.,31,91,1510,644,1.36,3.2,3-6 6-1 6-1
Rio Open,2025-02-22 00:00:00,ATP500,Outdoor,Clay,Semifinals,3,Comesana F.,Muller A.,Muller A.,86,60,673,953,2.5,1.53,5-7 7-6 3-6
Rio Open,2025-02-23 00:00:00,ATP500,Outdoor,Clay,The Final,3,Baez S.,Muller A.,Baez S.,31,60,1510,953,1.73,2.1,6-2 6-3
Abierto Mexicano,2025-02-25 00:00:00,ATP500,Outdoor,Hard,1st Round,3,Rinderknech A.,Ruud C.,Ruud C.,61,5,911,4325,4.5,1.2,4-6 3-6
Abierto Mexicano,2025-02-25 00:00:00,ATP500,Outdoor,Hard,1st Round,3,Machac T.,Mensik J.,Machac T.,25,54,1855,1042,1.67,2.2,6-4 2-6 6-3
Abierto Mexicano,2025-02-25 00:00:00,ATP500,Outdoor,Hard,1st Round,3,Kecmanovic M.,Altmaier D.,Altmaier D.,44,76,1236,768,1.44,2.75,6-4 4-6 3-6
Abierto Mexicano,2025-02-25 00:00:00,ATP500,Outdoor,Hard,1st Round,3,Shelton B.,Cobolli F.,Shelton B.,14,39,2930,1345,1.29,3.75,7-6 7-6
Abierto Mexicano,2025-02-25 00:00:00,ATP500,Outdoor,Hard,1st Round,3,Walton A.,Giron M.,Giron M.,97,52,616,1060,2.75,1.44,6-7 2-6
Abierto Mexicano,2025-02-25 00:00:00,ATP500,Outdoor,Hard,1st Round,3,Goffin D.,Hijikata R.,Goffin D.,63,82,906,735,1.67,2.2,6-2 6-3
Abierto Mexicano,2025-02-25 00:00:00,ATP500,Outdoor,Hard,1st Round,3,Norrie C.,Tien L.,Tien L.,74,83,784,732,1.8,2.0,6-7 3-6
Abierto Mexicano,2025-02-25 00:00:00,ATP500,Outdoor,Hard,1st Round,3,Paul T.,Diallo G.,Paul T.,10,89,3280,665,1.3,3.5,6-2 6-2
Abierto Mexicano,2025-02-26 00:00:00,ATP500,Outdoor,Hard,1st Round,3,Vukic A.,Pacheco Mendez R.,Pacheco Mendez R.,66,356,868,142,1.22,4.33,5-7 6-4 6-7
Abierto Mexicano,2025-02-26 00:00:00,ATP500,Outdoor,Hard,1st Round,3,Davidovich Fokina A.,Bellucci M.,Davidovich Fokina A.,48,70,1095,833,1.53,2.5,1-6 7-6 6-2
Abierto Mexicano,2025-02-26 00:00:00,ATP500,Outdoor,Hard,1st Round,3,Carballes Baena R.,Rune H.,Rune H.,50,13,1071,2970,3.4,1.33,6-7 3-6
Abierto Mexicano,2025-02-26 00:00:00,ATP500,Outdoor,Hard,1st Round,3,Zverev A.,Arnaldi M.,Zverev A.,2,33,8135,1430,1.29,3.75,6-7 6-3 6-4
Abierto Mexicano,2025-02-26 00:00:00,ATP500,Outdoor,Hard,1st Round,3,Bonzi B.,Nakashima B.,Nakashima B.,62,42,910,1265,2.75,1.44,6-7 5-7
Abierto Mexicano,2025-02-26 00:00:00,ATP500,Outdoor,Hard,1st Round,3,Shapovalov D.,Basavareddy N.,Shapovalov D.,32,106,1496,562,1.73,2.1,7-5 6-2
Abierto Mexicano,2025-02-26 00:00:00,ATP500,Outdoor,Hard,1st Round,3,Bu Y.,Michelsen A.,Michelsen A.,68,34,847,1420,3.0,1.4,6-2 6-7 6-7
Abierto Mexicano,2025-02-26 00:00:00,ATP500,Outdoor,Hard,1st Round,3,Tiafoe F.,Muller A.,Tiafoe F.,18,41,2485,1270,1.3,3.5,6-4 6-2
Abierto Mexicano,2025-02-27 00:00:00,ATP500,Outdoor,Hard,2nd Round,3,Altmaier D.,Machac T.,Machac T.,76,25,768,1855,3.75,1.29,6-7 1-6
Abierto Mexicano,2025-02-27 00:00:00,ATP500,Outdoor,Hard,2nd Round,3,Goffin D.,Shelton B.,Goffin D.,63,14,906,2930,3.5,1.3,7-6 6-3
Abierto Mexicano,2025-02-27 00:00:00,ATP500,Outdoor,Hard,2nd Round,3,Michelsen A.,Shapovalov D.,Shapovalov D.,34,32,1420,1496,2.5,1.53,4-6 3-6
Abierto Mexicano,2025-02-27 00:00:00,ATP500,Outdoor,Hard,2nd Round,3,Tien L.,Zverev A.,Tien L.,83,2,732,8135,4.33,1.22,6-3 6-4
Abierto Mexicano,2025-02-27 00:00:00,ATP500,Outdoor,Hard,2nd Round,3,Tiafoe F.,Davidovich Fokina A.,Davidovich Fokina A.,18,48,2485,1095,1.91,1.91,3-6 7-6 3-6
Abierto Mexicano,2025-02-28 00:00:00,ATP500,Outdoor,Hard,Quarterfinals,3,Machac T.,Tien L.,Machac T.,25,83,1855,732,1.53,2.5,6-3 7-5
Abierto Mexicano,2025-02-28 00:00:00,ATP500,Outdoor,Hard,Quarterfinals,3,Goffin D.,Nakashima B.,Nakashima B.,63,42,906,1265,2.5,1.53,6-7 2-6
Abierto Mexicano,2025-02-28 00:00:00,ATP500,Outdoor,Hard,Quarterfinals,3,Shapovalov D.,Giron M.,Shapovalov D.,32,52,1496,1060,1.44,2.75,4-6 6-3 6-2
Abierto Mexicano,2025-02-28 00:00:00,ATP500,Outdoor,Hard,Quarterfinals,3,Pacheco Mendez R.,Davidovich Fokina A.,Davidovich Fokina A.,356,48,142,1095,8.0,1.08,2-6 2-6
Abierto Mexicano,2025-03-01 00:00:00,ATP500,Outdoor,Hard,Semifinals,3,Machac T.,Nakashima B.,Machac T.,25,42,1855,1265,1.53,2.5,6-4 1-6 6-4
Abierto Mexicano,2025-03-01 00:00:00,ATP500,Outdoor,Hard,Semifinals,3,Shapovalov D.,Davidovich Fokina A.,Davidovich Fokina A.,32,48,1496,1095,1.53,2.5,6-7 6-7
Abierto Mexicano,2025-03-02 00:00:00,ATP500,Outdoor,Hard,The Final,3,Machac T.,Davidovich Fokina A.,Machac T.,25,48,1855,1095,1.67,2.2,7-6 6-2
Dubai Tennis Championships,2025-02-24 00:00:00,ATP500,Outdoor,Hard,1st Round,3,Marozsan F.,Bautista Agut R.,Bautista Agut R.,55,53,1035,1052,1.5,2.63,6-3 3-6 6-7
Dubai Tennis Championships,2025-02-24 00:00:00,ATP500,Outdoor,Hard,1st Round,3,Popyrin A.,Habib H.,Popyrin A.,27,168,1700,339,1.4,3.0,6-2 6-4
Dubai Tennis Championships,2025-02-24 00:00:00,ATP500,Outdoor,Hard,1st Round,3,Evans D.,Khachanov K.,Khachanov K.,178,24,321,1960,4.5,1.2,1-6 3-6
Dubai Tennis Championships,2025-02-24 00:00:00,ATP500,Outdoor,Hard,1st Round,3,Bergs Z.,Dougaz A.,Bergs Z.,56,212,1035,265,1.13,6.0,6-3 6-3
Dubai Tennis Championships,2025-02-24 00:00:00,ATP500,Outdoor,Hard,1st Round,3,Sonego L.,Tsitsipas S.,Tsitsipas S.,35,11,1401,3005,2.5,1.53,6-7 3-6
Dubai Tennis Championships,2025-02-24 00:00:00,ATP500,Outdoor,Hard,1st Round,3,Mpetshi G.,Zhang Zh.,Mpetshi G.,29,49,1580,1075,1.73,2.1,6-3 7-6
Dubai Tennis Championships,2025-02-25 00:00:00,ATP500,Outdoor,Hard,1st Round,3,Fils A.,Borges N.,Borges N.,19,38,2355,1345,1.62,2.3,2-6 1-6
Dubai Tennis Championships,2025-02-25 00:00:00,ATP500,Outdoor,Hard,1st Round,3,Nardi L.,Fucsovics M.,Nardi L.,79,88,749,666,2.63,1.5,1-6 6-2 6-3
Dubai Tennis Championships,2025-02-25 00:00:00,ATP500,Outdoor,Hard,1st Round,3,De Minaur A.,Cilic M.,Cilic M.,8,187,3785,313,1.1,7.0,2-6 6-3 3-6
Dubai Tennis Championships,2025-02-25 00:00:00,ATP500,Outdoor,Hard,1st Round,3,Auger-Aliassime F.,Bublik A.,Auger-Aliassime F.,21,51,2155,1065,1.29,3.75,7-6 6-7 6-3
Dubai Tennis Championships,2025-02-25 00:00:00,ATP500,Outdoor,Hard,1st Round,3,Safiullin R.,Griekspoor T.,Griekspoor T.,72,47,823,1120,2.1,1.73,7-5 6-7 6-7
Dubai Tennis Championships,2025-02-25 00:00:00,ATP500,Outdoor,Hard,1st Round,3,Halys Q.,Rublev A.,Halys Q.,77,9,751,3670,3.75,1.29,3-6 6-4 7-6
Dubai Tennis Championships,2025-02-25 00:00:00,ATP500,Outdoor,Hard,1st Round,3,Lehecka J.,Humbert U.,Humbert U.,22,15,2035,2825,2.0,1.8,3-6 0-6
Dubai Tennis Championships,2025-02-25 00:00:00,ATP500,Outdoor,Hard,1st Round,3,Medvedev D.,Struff J.L.,Medvedev D.,6,46,4030,1200,1.17,5.0,6-4 7-6
Dubai Tennis Championships,2025-02-25 00:00:00,ATP500,Outdoor,Hard,1st Round,3,Monfils G.,Berrettini M.,Berrettini M.,40,30,1280,1530,2.63,1.5,5-7 4-6
Dubai Tennis Championships,2025-02-26 00:00:00,ATP500,Outdoor,Hard,2nd Round,3,Auger-Aliassime F.,Borges N.,Auger-Aliassime F.,21,38,2155,1345,1.5,2.63,4-6 6-3 7-5
Dubai Tennis Championships,2025-02-26 00:00:00,ATP500,Outdoor,Hard,2nd Round,3,Popyrin A.,Cilic M.,Cilic M.,27,187,1700,313,1.67,2.2,7-5 3-6 4-6
Dubai Tennis Championships,2025-02-26 00:00:00,ATP500,Outdoor,Hard,2nd Round,3,Nardi L.,Bergs Z.,Nardi L.,79,56,749,1035,2.63,1.5,6-4 7-6
Dubai Tennis Championships,2025-02-26 00:00:00,ATP500,Outdoor,Hard,2nd Round,3,Humbert U.,Griekspoor T.,Griekspoor T.,15,47,2825,1120,1.29,3.75,6-4 3-6 2-6
Dubai Tennis Championships,2025-02-26 00:00:00,ATP500,Outdoor,Hard,2nd Round,3,Halys Q.,Bautista Agut R.,Halys Q.,77,53,751,1052,1.8,2.0,7-6 6-4
Dubai Tennis Championships,2025-02-26 00:00:00,ATP500,Outdoor,Hard,2nd Round,3,Mpetshi G.,Medvedev D.,Medvedev D.,29,6,1580,4030,3.0,1.4,4-6 4-6
Dubai Tennis Championships,2025-02-26 00:00:00,ATP500,Outdoor,Hard,2nd Round,3,Berrettini M.,O Connell C.,Berrettini M.,30,75,1530,780,1.29,3.75,7-6 6-2
Dubai Tennis Championships,2025-02-26 00:00:00,ATP500,Outdoor,Hard,2nd Round,3,Khachanov K.,Tsitsipas S.,Tsitsipas S.,24,11,1960,3005,2.1,1.73,6-7 6-2 4-6
Dubai Tennis Championships,2025-02-27 00:00:00,ATP500,Outdoor,Hard,Quarterfinals,3,Auger-Aliassime F.,Cilic M.,Auger-Aliassime F.,21,187,2155,313,1.4,3.0,6-4 3-6 6-2
Dubai Tennis Championships,2025-02-27 00:00:00,ATP500,Outdoor,Hard,Quarterfinals,3,Nardi L.,Halys Q.,Halys Q.,79,77,749,751,2.0,1.8,6-2 3-6 6-7
Dubai Tennis Championships,2025-02-27 00:00:00,ATP500,Outdoor,Hard,Quarterfinals,3,Griekspoor T.,Medvedev D.,Griekspoor T.,47,6,1120,4030,3.75,1.29,2-6 7-6 7-5
Dubai Tennis Championships,2025-02-27 00:00:00,ATP500,Outdoor,Hard,Quarterfinals,3,Berrettini M.,Tsitsipas S.,Tsitsipas S.,30,11,1530,3005,1.57,2.38,6-7 6-1 4-6
Dubai Tennis Championships,2025-02-28 00:00:00,ATP500,Outdoor,Hard,Semifinals,3,Auger-Aliassime F.,Halys Q.,Auger-Aliassime F.,21,77,2155,751,1.29,3.75,5-7 6-4 6-3
Dubai Tennis Championships,2025-02-28 00:00:00,ATP500,Outdoor,Hard,Semifinals,3,Griekspoor T.,Tsitsipas S.,Tsitsipas S.,47,11,1120,3005,2.38,1.57,4-6 4-6
Dubai Tennis Championships,2025-03-01 00:00:00,ATP500,Outdoor,Hard,The Final,3,Tsitsipas S.,Auger-Aliassime F.,Tsitsipas S.,11,21,3005,2155,1.73,2.1,6-3 6-3
Chile Open,2025-02-24 00:00:00,ATP250,Indoor,Clay,1st Round,3,Diaz Acosta F.,Hanfmann Y.,Hanfmann Y.,130,109,448,534,1.57,2.38,5-7 3-6
Chile Open,2025-02-24 00:00:00,ATP250,Indoor,Clay,1st Round,3,Djere L.,Buse I.,Djere L.,103,227,571,245,1.2,4.5,6-3 6-4
Chile Open,2025-02-24 00:00:00,ATP250,Indoor,Clay,1st Round,3,Seyboth Wild T.,Heide G.,Heide G.,86,160,682,359,1.53,2.5,5-7 2-6
Chile Open,2025-02-24 00:00:00,ATP250,Indoor,Clay,1st Round,3,Garin C.,Ficovich J.P.,Garin C.,147,175,402,330,1.5,2.63,2-6 6-4 6-4
Chile Open,2025-02-25 00:00:00,ATP250,Indoor,Clay,1st Round,3,Gaston H.,Etcheverry T.,Etcheverry T.,92,43,636,1240,4.33,1.22,2-6 3-6
Chile Open,2025-02-25 00:00:00,ATP250,Indoor,Clay,1st Round,3,Dzumhur D.,Moutet C.,Dzumhur D.,90,65,662,872,2.75,1.44,6-2 3-6 6-2
Chile Open,2025-02-25 00:00:00,ATP250,Indoor,Clay,1st Round,3,Cerundolo J.M.,Monteiro T.,Monteiro T.,123,108,476,540,2.0,1.8,3-6 6-3 6-7
Chile Open,2025-02-25 00:00:00,ATP250,Indoor,Clay,1st Round,3,Ugo Carabelli C.,Jarry N.,Ugo Carabelli C.,69,45,847,1225,2.75,1.44,5-7 6-3 7-6
Chile Open,2025-02-25 00:00:00,ATP250,Indoor,Clay,1st Round,3,Darderi L.,Faria J.,Faria J.,59,87,985,674,1.57,2.38,3-6 4-6
Chile Open,2025-02-25 00:00:00,ATP250,Indoor,Clay,1st Round,3,Navone M.,Shevchenko A.,Navone M.,64,95,890,618,1.3,3.5,6-2 6-2
Chile Open,2025-02-26 00:00:00,ATP250,Indoor,Clay,1st Round,3,Barrios M.,Coria F.,Coria F.,145,136,407,433,1.67,2.2,1-6 0-6
Chile Open,2025-02-26 00:00:00,ATP250,Indoor,Clay,1st Round,3,Comesana F.,Meligeni Alves F.,Comesana F.,67,194,848,307,1.73,2.1,7-6 7-6
Chile Open,2025-02-26 00:00:00,ATP250,Indoor,Clay,2nd Round,3,Martinez P.,Djere L.,Djere L.,36,103,1385,571,2.75,1.44,1-6 4-6
Chile Open,2025-02-26 00:00:00,ATP250,Indoor,Clay,2nd Round,3,Faria J.,Heide G.,Faria J.,87,160,674,359,2.0,1.8,6-7 7-6 6-4
Chile Open,2025-02-26 00:00:00,ATP250,Indoor,Clay,2nd Round,3,Hanfmann Y.,Cerundolo F.,Cerundolo F.,109,26,534,1725,3.4,1.33,2-6 6-4 6-7
Chile Open,2025-02-26 00:00:00,ATP250,Indoor,Clay,2nd Round,3,Etcheverry T.,Garin C.,Etcheverry T.,43,147,1240,402,1.44,2.75,6-2 6-4
Chile Open,2025-02-27 00:00:00,ATP250,Indoor,Clay,2nd Round,3,Navone M.,Dzumhur D.,Dzumhur D.,64,90,890,662,1.2,4.5,4-6 6-3 3-6
Chile Open,2025-02-27 00:00:00,ATP250,Indoor,Clay,2nd Round,3,Baez S.,Comesana F.,Baez S.,31,67,1510,848,1.4,3.0,6-3 5-7 7-6
Chile Open,2025-02-27 00:00:00,ATP250,Indoor,Clay,2nd Round,3,Monteiro T.,Ugo Carabelli C.,Ugo Carabelli C.,108,69,540,847,1.91,1.91,6-4 6-7 3-6
Chile Open,2025-02-27 00:00:00,ATP250,Indoor,Clay,2nd Round,3,Coria F.,Tabilo A.,Coria F.,136,28,433,1690,2.38,1.57,7-6 4-6 6-3
Chile Open,2025-02-28 00:00:00,ATP250,Indoor,Clay,Quarterfinals,3,Faria J.,Djere L.,Djere L.,87,103,674,571,3.5,1.3,6-7 6-4 4-6
Chile Open,2025-02-28 00:00:00,ATP250,Indoor,Clay,Quarterfinals,3,Cerundolo F.,Etcheverry T.,Cerundolo F.,26,43,1725,1240,1.91,1.91,4-6 6-3 7-5
Chile Open,2025-02-28 00:00:00,ATP250,Indoor,Clay,Quarterfinals,3,Coria F.,Ugo Carabelli C.,Ugo Carabelli C.,136,69,433,847,2.2,1.67,4-6 3-6
Chile Open,2025-03-01 00:00:00,ATP250,Indoor,Clay,Quarterfinals,3,Baez S.,Dzumhur D.,Baez S.,31,90,1510,662,1.25,4.0,6-4 6-4
Chile Open,2025-03-01 00:00:00,ATP250,Indoor,Clay,Semifinals,3,Cerundolo F.,Djere L.,Djere L.,26,103,1725,571,1.62,2.3,1-6 6-4 3-6
Chile Open,2025-03-01 00:00:00,ATP250,Indoor,Clay,Semifinals,3,Baez S.,Ugo Carabelli C.,Baez S.,31,69,1510,847,1.4,3.0,6-1 3-6 6-2
Chile Open,2025-03-02 00:00:00,ATP250,Indoor,Clay,The Final,3,Baez S.,Djere L.,Djere L.,31,103,1510,571,1.67,2.2,4-6 6-3 5-7
BNP Paribas Open,2025-03-05 00:00:00,Masters 1000,Outdoor,Hard,1st Round,3,Nishikori K.,Munar J.,Nishikori K.,76,58,793,992,1.8,2.0,6-2 5-7 7-6
BNP Paribas Open,2025-03-05 00:00:00,Masters 1000,Outdoor,Hard,1st Round,3,Vukic A.,Boyer T.,Boyer T.,64,117,868,501,1.8,2.0,6-4 2-6 6-7
BNP Paribas Open,2025-03-05 00:00:00,Masters 1000,Outdoor,Hard,1st Round,3,Seyboth Wild T.,Muller A.,Seyboth Wild T.,91,44,657,1270,2.2,1.67,4-6 7-5 7-6
BNP Paribas Open,2025-03-05 00:00:00,Masters 1000,Outdoor,Hard,1st Round,3,Carballes Baena R.,O Connell C.,O Connell C.,52,75,1071,805,2.2,1.67,3-6 6-0 1-6
BNP Paribas Open,2025-03-05 00:00:00,Masters 1000,Outdoor,Hard,1st Round,3,Griekspoor T.,Kecmanovic M.,Griekspoor T.,43,49,1270,1146,2.1,1.73,6-7 6-4 6-3
BNP Paribas Open,2025-03-05 00:00:00,Masters 1000,Outdoor,Hard,1st Round,3,Basavareddy N.,Bu Y.,Bu Y.,101,71,587,833,1.44,2.75,5-7 4-6
BNP Paribas Open,2025-03-05 00:00:00,Masters 1000,Outdoor,Hard,1st Round,3,Marozsan F.,Martinez P.,Marozsan F.,54,41,1035,1295,1.41,2.75,6-3 6-2
BNP Paribas Open,2025-03-05 00:00:00,Masters 1000,Outdoor,Hard,1st Round,3,Cobolli F.,Smith C.,Smith C.,40,261,1295,209,1.63,2.2,6-3 2-6 2-6
BNP Paribas Open,2025-03-05 00:00:00,Masters 1000,Outdoor,Hard,1st Round,3,Dzumhur D.,Bautista Agut R.,Dzumhur D.,84,50,712,1089,2.37,1.54,6-4 1-6 7-6
BNP Paribas Open,2025-03-05 00:00:00,Masters 1000,Outdoor,Hard,1st Round,3,Opelka R.,Safiullin R.,Safiullin R.,114,69,516,848,1.8,2.0,5-7 4-6
BNP Paribas Open,2025-03-06 00:00:00,Masters 1000,Outdoor,Hard,1st Round,3,Giron M.,Basilashvili N.,Giron M.,48,152,1150,383,1.4,3.0,7-5 7-6
BNP Paribas Open,2025-03-06 00:00:00,Masters 1000,Outdoor,Hard,1st Round,3,Quinn E.,Bergs Z.,Bergs Z.,137,53,432,1060,2.38,1.57,6-7 3-6
BNP Paribas Open,2025-03-06 00:00:00,Masters 1000,Outdoor,Hard,1st Round,3,Moutet C.,Thompson J.,Moutet C.,79,38,759,1375,1.91,1.91,6-4 4-6 6-3
BNP Paribas Open,2025-03-06 00:00:00,Masters 1000,Outdoor,Hard,1st Round,3,Nardi L.,Norrie C.,Norrie C.,67,77,862,784,2.5,1.53,0-6 3-6
BNP Paribas Open,2025-03-06 00:00:00,Masters 1000,Outdoor,Hard,1st Round,3,Watanuki Y.,Bublik A.,Watanuki Y.,349,82,144,745,2.3,1.62,6-3 3-6 6-3
BNP Paribas Open,2025-03-06 00:00:00,Masters 1000,Outdoor,Hard,1st Round,3,Shevchenko A.,Hijikata R.,Hijikata R.,98,83,618,732,1.67,2.2,1-6 3-6
BNP Paribas Open,2025-03-06 00:00:00,Masters 1000,Outdoor,Hard,1st Round,3,Fonseca J.,Fearnley J.,Fonseca J.,80,81,750,747,1.29,3.75,6-2 1-6 6-3
BNP Paribas Open,2025-03-06 00:00:00,Masters 1000,Outdoor,Hard,1st Round,3,Bonzi B.,Brooksby J.,Brooksby J.,62,937,910,17,1.91,1.91,6-1 5-7 5-7
BNP Paribas Open,2025-03-06 00:00:00,Masters 1000,Outdoor,Hard,1st Round,3,Mensik J.,Etcheverry T.,Mensik J.,57,45,992,1265,1.5,2.63,6-4 7-6
BNP Paribas Open,2025-03-06 00:00:00,Masters 1000,Outdoor,Hard,1st Round,3,Davidovich Fokina A.,McDonald M.,McDonald M.,39,109,1325,555,1.44,2.75,6-2 3-6 2-6
BNP Paribas Open,2025-03-06 00:00:00,Masters 1000,Outdoor,Hard,1st Round,3,Diallo G.,Zhang Zh.,Diallo G.,88,51,690,1075,1.91,1.91,2-6 6-2 7-6
BNP Paribas Open,2025-03-06 00:00:00,Masters 1000,Outdoor,Hard,1st Round,3,Baez S.,Gigante M.,Gigante M.,34,217,1425,256,1.8,2.0,6-3 1-6 4-6
BNP Paribas Open,2025-03-06 00:00:00,Masters 1000,Outdoor,Hard,1st Round,3,Arnaldi M.,Kovacevic A.,Arnaldi M.,35,94,1390,630,1.4,3.0,6-3 5-7 6-4
BNP Paribas Open,2025-03-06 00:00:00,Masters 1000,Outdoor,Hard,1st Round,3,Struff J.L.,Monfils G.,Monfils G.,46,42,1200,1280,2.3,1.62,4-6 4-6
BNP Paribas Open,2025-03-07 00:00:00,Masters 1000,Outdoor,Hard,1st Round,3,Gaston H.,Darderi L.,Gaston H.,93,60,636,945,1.53,2.5,6-3 6-3
BNP Paribas Open,2025-03-07 00:00:00,Masters 1000,Outdoor,Hard,1st Round,3,Rinderknech A.,Borges N.,Borges N.,73,36,824,1385,3.0,1.4,1-6 7-5 2-6
BNP Paribas Open,2025-03-07 00:00:00,Masters 1000,Outdoor,Hard,1st Round,3,Goffin D.,Sonego L.,Goffin D.,56,37,1006,1376,2.1,1.73,6-4 7-5
BNP Paribas Open,2025-03-07 00:00:00,Masters 1000,Outdoor,Hard,1st Round,3,Zeppieri G.,Walton A.,Walton A.,394,96,125,629,2.3,1.62,5-7 1-6
BNP Paribas Open,2025-03-07 00:00:00,Masters 1000,Outdoor,Hard,1st Round,3,Lajovic D.,Tu L.,Lajovic D.,108,177,555,326,1.8,2.0,6-2 6-0
BNP Paribas Open,2025-03-07 00:00:00,Masters 1000,Outdoor,Hard,1st Round,3,Carreno Busta P.,Halys Q.,Halys Q.,112,59,524,976,1.62,2.3,3-6 4-6
BNP Paribas Open,2025-03-07 00:00:00,Masters 1000,Outdoor,Hard,1st Round,3,Navone M.,Tien L.,Navone M.,63,68,905,857,3.5,1.3,7-5 6-4
BNP Paribas Open,2025-03-07 00:00:00,Masters 1000,Outdoor,Hard,2nd Round,3,Nishikori K.,Humbert U.,Humbert U.,76,19,793,2375,3.5,1.3,4-6 3-6
BNP Paribas Open,2025-03-07 00:00:00,Masters 1000,Outdoor,Hard,2nd Round,3,Griekspoor T.,Zverev A.,Griekspoor T.,43,2,1270,8135,4.0,1.25,4-6 7-6 7-6
BNP Paribas Open,2025-03-07 00:00:00,Masters 1000,Outdoor,Hard,2nd Round,3,Boyer T.,Paul T.,Paul T.,117,11,501,3330,8.0,1.08,3-6 1-6
BNP Paribas Open,2025-03-07 00:00:00,Masters 1000,Outdoor,Hard,2nd Round,3,Popyrin A.,Bergs Z.,Popyrin A.,27,53,1750,1060,1.91,1.91,7-6 7-5
BNP Paribas Open,2025-03-07 00:00:00,Masters 1000,Outdoor,Hard,2nd Round,3,Lehecka J.,Norrie C.,Norrie C.,24,77,1935,784,1.53,2.5,6-3 4-6 5-7
BNP Paribas Open,2025-03-07 00:00:00,Masters 1000,Outdoor,Hard,2nd Round,3,Giron M.,Ruud C.,Giron M.,48,5,1150,4045,2.38,1.57,7-6 3-6 6-2
BNP Paribas Open,2025-03-07 00:00:00,Masters 1000,Outdoor,Hard,2nd Round,3,O Connell C.,Berrettini M.,Berrettini M.,75,29,805,1620,4.5,1.2,2-6 6-7
BNP Paribas Open,2025-03-07 00:00:00,Masters 1000,Outdoor,Hard,2nd Round,3,Musetti L.,Safiullin R.,Musetti L.,16,69,2650,848,1.91,1.91,7-5 5-7 6-2
BNP Paribas Open,2025-03-07 00:00:00,Masters 1000,Outdoor,Hard,2nd Round,3,Smith C.,Michelsen A.,Michelsen A.,261,32,209,1445,3.0,1.4,3-6 4-6
BNP Paribas Open,2025-03-08 00:00:00,Masters 1000,Outdoor,Hard,2nd Round,3,Rune H.,Moutet C.,Rune H.,13,79,2820,759,1.36,3.2,6-2 6-4
BNP Paribas Open,2025-03-08 00:00:00,Masters 1000,Outdoor,Hard,2nd Round,3,Seyboth Wild T.,Tsitsipas S.,Tsitsipas S.,91,9,657,3405,4.0,1.25,2-6 4-6
BNP Paribas Open,2025-03-08 00:00:00,Masters 1000,Outdoor,Hard,2nd Round,3,Fils A.,Diallo G.,Fils A.,21,88,2330,690,1.62,2.3,6-2 6-2
BNP Paribas Open,2025-03-08 00:00:00,Masters 1000,Outdoor,Hard,2nd Round,3,Bu Y.,Medvedev D.,Medvedev D.,71,6,833,3930,4.33,1.22,2-6 2-6
BNP Paribas Open,2025-03-08 00:00:00,Masters 1000,Outdoor,Hard,2nd Round,3,Tiafoe F.,Dzumhur D.,Tiafoe F.,17,84,2485,712,1.29,3.75,7-6 7-6
BNP Paribas Open,2025-03-08 00:00:00,Masters 1000,Outdoor,Hard,2nd Round,3,Gigante M.,Fritz T.,Fritz T.,217,4,256,4900,8.0,1.08,3-6 5-7
BNP Paribas Open,2025-03-08 00:00:00,Masters 1000,Outdoor,Hard,2nd Round,3,Brooksby J.,Auger-Aliassime F.,Brooksby J.,937,18,17,2455,3.75,1.29,6-4 6-2
BNP Paribas Open,2025-03-08 00:00:00,Masters 1000,Outdoor,Hard,2nd Round,3,Lajovic D.,Tabilo A.,Tabilo A.,108,31,555,1535,1.8,2.0,3-6 5-7
BNP Paribas Open,2025-03-08 00:00:00,Masters 1000,Outdoor,Hard,2nd Round,3,Draper J.,Fonseca J.,Draper J.,14,80,2810,750,1.53,2.5,6-4 6-0
BNP Paribas Open,2025-03-08 00:00:00,Masters 1000,Outdoor,Hard,2nd Round,3,Rublev A.,Arnaldi M.,Arnaldi M.,8,35,3480,1390,1.4,3.0,4-6 5-7
BNP Paribas Open,2025-03-08 00:00:00,Masters 1000,Outdoor,Hard,2nd Round,3,Shapovalov D.,Walton A.,Shapovalov D.,28,96,1696,629,1.25,4.0,6-3 6-2
BNP Paribas Open,2025-03-08 00:00:00,Masters 1000,Outdoor,Hard,2nd Round,3,McDonald M.,Cerundolo F.,Cerundolo F.,109,26,555,1775,2.0,1.8,6-4 6-7 1-6
BNP Paribas Open,2025-03-08 00:00:00,Masters 1000,Outdoor,Hard,2nd Round,3,Alcaraz C.,Halys Q.,Alcaraz C.,3,59,7510,976,1.08,8.0,6-4 6-2
BNP Paribas Open,2025-03-08 00:00:00,Masters 1000,Outdoor,Hard,2nd Round,3,Djokovic N.,Van De Zandschulp B.,Van De Zandschulp B.,7,85,3900,710,1.1,7.0,2-6 6-3 1-6
BNP Paribas Open,2025-03-08 00:00:00,Masters 1000,Outdoor,Hard,2nd Round,3,Hurkacz H.,Gaston H.,Hurkacz H.,22,93,2165,636,1.22,4.33,7-5 6-3
BNP Paribas Open,2025-03-08 00:00:00,Masters 1000,Outdoor,Hard,2nd Round,3,Hijikata R.,Nakashima B.,Nakashima B.,83,33,732,1430,4.33,1.22,5-7 1-6
BNP Paribas Open,2025-03-09 00:00:00,Masters 1000,Outdoor,Hard,2nd Round,3,Khachanov K.,Mensik J.,Khachanov K.,23,57,1960,992,1.69,2.1,3-6 6-0 6-3
BNP Paribas Open,2025-03-09 00:00:00,Masters 1000,Outdoor,Hard,2nd Round,3,Borges N.,Dimitrov G.,Dimitrov G.,36,15,1385,2745,1.67,2.2,3-6 4-6
BNP Paribas Open,2025-03-09 00:00:00,Masters 1000,Outdoor,Hard,2nd Round,3,Shelton B.,Navone M.,Shelton B.,12,63,2880,905,1.3,3.5,6-3 6-2
BNP Paribas Open,2025-03-09 00:00:00,Masters 1000,Outdoor,Hard,2nd Round,3,Goffin D.,De Minaur A.,De Minaur A.,56,10,1006,3335,5.5,1.14,2-6 2-6
BNP Paribas Open,2025-03-09 00:00:00,Masters 1000,Outdoor,Hard,2nd Round,3,Monfils G.,Korda S.,Monfils G.,42,25,1280,1900,1.67,2.2,7-6 7-6
BNP Paribas Open,2025-03-09 00:00:00,Masters 1000,Outdoor,Hard,3rd Round,3,Norrie C.,Paul T.,Paul T.,77,11,784,3330,3.5,1.3,3-6 5-7
BNP Paribas Open,2025-03-09 00:00:00,Masters 1000,Outdoor,Hard,3rd Round,3,Griekspoor T.,Mpetshi G.,Griekspoor T.,43,30,1270,1616,1.62,2.3,7-6 6-3
BNP Paribas Open,2025-03-09 00:00:00,Masters 1000,Outdoor,Hard,3rd Round,3,Popyrin A.,Giron M.,Giron M.,27,48,1750,1150,2.1,1.73,7-5 3-6 3-6
BNP Paribas Open,2025-03-09 00:00:00,Masters 1000,Outdoor,Hard,3rd Round,3,Tsitsipas S.,Berrettini M.,Tsitsipas S.,9,29,3405,1620,1.91,1.91,6-3 6-3
BNP Paribas Open,2025-03-09 00:00:00,Masters 1000,Outdoor,Hard,3rd Round,3,Humbert U.,Rune H.,Rune H.,19,13,2375,2820,1.8,2.0,7-5 4-6 5-7
BNP Paribas Open,2025-03-10 00:00:00,Masters 1000,Outdoor,Hard,3rd Round,3,Fils A.,Musetti L.,Fils A.,21,16,2330,2650,1.73,2.1,3-6 7-6 6-3
BNP Paribas Open,2025-03-10 00:00:00,Masters 1000,Outdoor,Hard,3rd Round,3,Tiafoe F.,Watanuki Y.,Watanuki Y.,17,349,2485,144,1.36,3.2,4-6 6-7
BNP Paribas Open,2025-03-10 00:00:00,Masters 1000,Outdoor,Hard,3rd Round,3,Cerundolo F.,Van De Zandschulp B.,Cerundolo F.,26,85,1775,710,1.63,2.2,6-3 6-4
BNP Paribas Open,2025-03-10 00:00:00,Masters 1000,Outdoor,Hard,3rd Round,3,Brooksby J.,Draper J.,Draper J.,937,14,17,2810,4.5,1.17,5-7 4-6
BNP Paribas Open,2025-03-10 00:00:00,Masters 1000,Outdoor,Hard,3rd Round,3,De Minaur A.,Hurkacz H.,De Minaur A.,10,22,3335,2165,1.44,2.75,6-4 6-0
BNP Paribas Open,2025-03-10 00:00:00,Masters 1000,Outdoor,Hard,3rd Round,3,Tabilo A.,Fritz T.,Fritz T.,31,4,1535,4900,6.0,1.13,6-4 3-6 1-6
BNP Paribas Open,2025-03-10 00:00:00,Masters 1000,Outdoor,Hard,3rd Round,3,Nakashima B.,Arnaldi M.,Nakashima B.,33,35,1430,1390,2.0,1.8,6-2 6-4
BNP Paribas Open,2025-03-10 00:00:00,Masters 1000,Outdoor,Hard,3rd Round,3,Khachanov K.,Shelton B.,Shelton B.,23,12,1960,2880,2.2,1.67,3-6 5-7
BNP Paribas Open,2025-03-11 00:00:00,Masters 1000,Outdoor,Hard,3rd Round,3,Alcaraz C.,Shapovalov D.,Alcaraz C.,3,28,7510,1696,1.14,5.5,6-2 6-4
BNP Paribas Open,2025-03-11 00:00:00,Masters 1000,Outdoor,Hard,3rd Round,3,Monfils G.,Dimitrov G.,Dimitrov G.,42,15,1280,2745,1.91,1.91,6-7 6-4 6-7
BNP Paribas Open,2025-03-11 00:00:00,Masters 1000,Outdoor,Hard,4th Round,3,Griekspoor T.,Watanuki Y.,Griekspoor T.,43,349,1270,144,1.4,3.0,7-6 6-1
BNP Paribas Open,2025-03-11 00:00:00,Masters 1000,Outdoor,Hard,4th Round,3,Tsitsipas S.,Rune H.,Rune H.,9,13,3405,2820,1.62,2.3,4-6 4-6
BNP Paribas Open,2025-03-11 00:00:00,Masters 1000,Outdoor,Hard,4th Round,3,Fils A.,Giron M.,Fils A.,21,48,2330,1150,1.57,2.38,6-2 2-6 6-3
BNP Paribas Open,2025-03-12 00:00:00,Masters 1000,Outdoor,Hard,4th Round,3,Paul T.,Medvedev D.,Medvedev D.,11,6,3330,3930,2.1,1.73,4-6 0-6
BNP Paribas Open,2025-03-12 00:00:00,Masters 1000,Outdoor,Hard,4th Round,3,Shelton B.,Nakashima B.,Shelton B.,12,33,2880,1430,1.53,2.5,7-6 6-1
BNP Paribas Open,2025-03-12 00:00:00,Masters 1000,Outdoor,Hard,4th Round,3,De Minaur A.,Cerundolo F.,Cerundolo F.,10,26,3335,1775,1.29,3.75,5-7 3-6
BNP Paribas Open,2025-03-12 00:00:00,Masters 1000,Outdoor,Hard,4th Round,3,Draper J.,Fritz T.,Draper J.,14,4,2810,4900,1.69,2.1,7-5 6-4
BNP Paribas Open,2025-03-13 00:00:00,Masters 1000,Outdoor,Hard,4th Round,3,Dimitrov G.,Alcaraz C.,Alcaraz C.,15,3,2745,7510,7.0,1.1,1-6 1-6
BNP Paribas Open,2025-03-13 00:00:00,Masters 1000,Outdoor,Hard,Quarterfinals,3,Rune H.,Griekspoor T.,Rune H.,13,43,2820,1270,1.57,2.38,5-7 6-0 6-3
BNP Paribas Open,2025-03-13 00:00:00,Masters 1000,Outdoor,Hard,Quarterfinals,3,Fils A.,Medvedev D.,Medvedev D.,21,6,2330,3930,3.2,1.36,4-6 6-2 6-7
BNP Paribas Open,2025-03-14 00:00:00,Masters 1000,Outdoor,Hard,Quarterfinals,3,Draper J.,Shelton B.,Draper J.,14,12,2810,2880,1.44,2.75,6-4 7-5
BNP Paribas Open,2025-03-14 00:00:00,Masters 1000,Outdoor,Hard,Quarterfinals,3,Cerundolo F.,Alcaraz C.,Alcaraz C.,26,3,1775,7510,10.0,1.06,3-6 6-7
BNP Paribas Open,2025-03-15 00:00:00,Masters 1000,Outdoor,Hard,Semifinals,3,Rune H.,Medvedev D.,Rune H.,13,6,2820,3930,2.5,1.53,7-5 6-4
BNP Paribas Open,2025-03-15 00:00:00,Masters 1000,Outdoor,Hard,Semifinals,3,Alcaraz C.,Draper J.,Draper J.,3,14,7510,2810,1.3,3.5,1-6 6-0 4-6
BNP Paribas Open,2025-03-16 00:00:00,Masters 1000,Outdoor,Hard,The Final,3,Draper J.,Rune H.,Draper J.,14,13,2810,2820,1.57,2.38,6-2 6-2
