Tournament,Date,Court,Surface,Round,Best of,Player_1,Player_2,Winner,Rank_1,Rank_2,Pts_1,Pts_2,Odd_1,Odd_2,Score
ASB Classic,2024-12-29 00:00:00,Outdoor,Hard,1st Round,3,Niemeier J.,Hibino N.,Hibino N.,89,145,816,496,1.91,1.91,3-6 4-6 
ASB Classic,2024-12-29 00:00:00,Outdoor,Hard,1st Round,3,Tauson C.,Stefanini L.,Tauson C.,50,146,1070,494,1.5,2.63,6-2 6-3 
ASB Classic,2024-12-30 00:00:00,Outdoor,Hard,1st Round,3,Sun L.,Marino R.,Marino R.,40,102,1300,756,1.91,1.91,3-6 6-3 3-6
ASB Classic,2024-12-30 00:00:00,Outdoor,Hard,1st Round,3,Pera B.,Jimenez Kasintseva V.,Pera B.,71,156,896,465,1.57,2.38,6-2 7-5 
ASB Classic,2024-12-30 00:00:00,Outdoor,Hard,1st Round,3,Glushko L.,Osaka N.,Osaka N.,220,57,323,1014,10.0,1.06,4-6 4-6 
ASB Classic,2024-12-30 00:00:00,Outdoor,Hard,1st Round,3,Grabher J.,Romero Gormaz L.,Grabher J.,470,158,112,459,2.5,1.53,2-6 6-3 7-6
ASB Classic,2024-12-30 00:00:00,Outdoor,Hard,1st Round,3,Stephens S.,Li A.,Li A.,74,96,882,787,2.2,1.67,7-5 4-6 4-6
ASB Classic,2024-12-30 00:00:00,Outdoor,Hard,1st Round,3,Volynets K.,Andreeva E.,Volynets K.,58,83,991,838,2.1,1.73,6-4 6-7 6-2
ASB Classic,2024-12-30 00:00:00,Outdoor,Hard,1st Round,3,Wang Xiy.,Kenin S.,Kenin S.,98,81,774,848,2.0,1.8,6-7 1-6 
ASB Classic,2024-12-31 00:00:00,Outdoor,Hard,1st Round,3,Baptiste H.,Jamrichova R.,Baptiste H.,92,372,805,164,1.4,3.0,6-0 6-2 
ASB Classic,2024-12-31 00:00:00,Outdoor,Hard,1st Round,3,Bronzetti L.,Keys M.,Keys M.,73,21,887,2126,4.5,1.2,4-6 4-6 
ASB Classic,2024-12-31 00:00:00,Outdoor,Hard,1st Round,3,Minnen G.,Friedsam A.L.,Minnen G.,95,528,791,91,1.5,2.63,6-4 6-0 
ASB Classic,2024-12-31 00:00:00,Outdoor,Hard,1st Round,3,Yang V.,Burrage J.,Burrage J.,1139,179,11,398,6.0,1.13,3-6 3-6 
ASB Classic,2024-12-31 00:00:00,Outdoor,Hard,1st Round,3,Montgomery R.,Hontama M.,Montgomery R.,117,157,639,459,1.44,2.75,6-0 2-6 6-0
ASB Classic,2024-12-31 00:00:00,Outdoor,Hard,1st Round,3,Anisimova A.,Parks A.,Parks A.,36,82,1461,841,1.33,3.4,6-2 2-6 3-6
ASB Classic,2024-12-31 00:00:00,Outdoor,Hard,2nd Round,3,Pera B.,Marino R.,Pera B.,71,102,896,756,1.8,2.0,7-6 6-4 
ASB Classic,2025-01-01 00:00:00,Outdoor,Hard,2nd Round,3,Grabher J.,Osaka N.,Osaka N.,470,57,112,1014,13.0,1.04,5-7 3-6 
ASB Classic,2025-01-01 00:00:00,Outdoor,Hard,2nd Round,3,Tauson C.,Kenin S.,Tauson C.,50,81,1070,848,1.67,2.2,4-6 7-6 7-6
ASB Classic,2025-01-01 00:00:00,Outdoor,Hard,2nd Round,3,Li A.,Volynets K.,Volynets K.,96,58,787,991,2.1,1.73,4-6 3-6 
ASB Classic,2025-01-02 00:00:00,Outdoor,Hard,2nd Round,3,Keys M.,Cristian J.,Keys M.,21,85,2126,832,1.14,5.5,6-1 6-2 
ASB Classic,2025-01-02 00:00:00,Outdoor,Hard,2nd Round,3,Hibino N.,Montgomery R.,Montgomery R.,145,117,496,639,2.1,1.73,2-6 2-6 
ASB Classic,2025-01-02 00:00:00,Outdoor,Hard,2nd Round,3,Parks A.,Minnen G.,Parks A.,82,95,841,791,1.91,1.91,7-5 6-3 
ASB Classic,2025-01-02 00:00:00,Outdoor,Hard,2nd Round,3,Burrage J.,Baptiste H.,Baptiste H.,179,92,398,805,2.63,1.5,7-5 5-7 6-7
ASB Classic,2025-01-02 00:00:00,Outdoor,Hard,Quarterfinals,3,Montgomery R.,Pera B.,Montgomery R.,117,71,639,896,2.1,1.73,6-4 6-4 
ASB Classic,2025-01-03 00:00:00,Outdoor,Hard,Quarterfinals,3,Baptiste H.,Osaka N.,Osaka N.,92,57,805,1014,4.0,1.22,7-6 1-6 2-6
ASB Classic,2025-01-03 00:00:00,Outdoor,Hard,Quarterfinals,3,Tauson C.,Keys M.,Tauson C.,50,21,1070,2126,3.2,1.36,6-4 7-6 
ASB Classic,2025-01-03 00:00:00,Outdoor,Hard,Quarterfinals,3,Volynets K.,Parks A.,Parks A.,58,82,991,841,1.8,2.0,1-6 4-6 
ASB Classic,2025-01-04 00:00:00,Outdoor,Hard,Semifinals,3,Tauson C.,Montgomery R.,Tauson C.,50,117,1070,639,1.44,2.75,6-4 6-3 
ASB Classic,2025-01-04 00:00:00,Outdoor,Hard,Semifinals,3,Parks A.,Osaka N.,Osaka N.,82,57,841,1014,4.33,1.22,4-6 2-6 
Brisbane International,2024-12-29 00:00:00,Outdoor,Hard,1st Round,3,Lamens S.,Rakhimova K.,Lamens S.,87,60,821,987,1.8,2.0,6-2 6-4 
Brisbane International,2024-12-29 00:00:00,Outdoor,Hard,1st Round,3,Uchijima M.,Krueger A.,Krueger A.,62,64,981,969,3.5,1.3,3-6 6-1 3-6
Brisbane International,2024-12-29 00:00:00,Outdoor,Hard,1st Round,3,Joint M.,Inglis M.,Joint M.,116,154,645,471,1.67,2.2,6-3 6-4 
Brisbane International,2024-12-29 00:00:00,Outdoor,Hard,1st Round,3,Tomova V.,Zarazua R.,Zarazua R.,53,75,1047,882,2.2,1.67,0-6 3-6 
Brisbane International,2024-12-29 00:00:00,Outdoor,Hard,1st Round,3,Avanesyan E.,Sramkova R.,Avanesyan E.,43,46,1182,1166,2.0,1.8,1-6 6-2 6-2
Brisbane International,2024-12-29 00:00:00,Outdoor,Hard,1st Round,3,Bejlek S.,Blinkova A.,Blinkova A.,161,77,441,866,1.67,2.2,1-6 6-7 
Brisbane International,2024-12-29 00:00:00,Outdoor,Hard,1st Round,3,Bouzkova M.,Gibson T.,Bouzkova M.,44,148,1178,487,1.2,4.5,7-6 3-6 6-3
Brisbane International,2024-12-29 00:00:00,Outdoor,Hard,1st Round,3,Linette M.,Kessler M.,Kessler M.,38,67,1376,924,1.67,2.2,4-6 4-6 
Brisbane International,2024-12-30 00:00:00,Outdoor,Hard,1st Round,3,Birrell K.,Hon P.,Birrell K.,113,167,654,427,2.0,1.8,3-6 7-5 6-2
Brisbane International,2024-12-30 00:00:00,Outdoor,Hard,1st Round,3,Kudermetova V.,Stearns P.,Stearns P.,72,47,888,1139,1.91,1.91,2-6 3-6 
Brisbane International,2024-12-30 00:00:00,Outdoor,Hard,1st Round,3,Kudermetova P.,Wang Xin.,Kudermetova P.,107,37,701,1418,2.1,1.73,6-1 6-3 
Brisbane International,2024-12-30 00:00:00,Outdoor,Hard,1st Round,3,Bucsa C.,Todoni A.,Todoni A.,103,118,755,635,3.0,1.4,6-7 2-6 
Brisbane International,2024-12-30 00:00:00,Outdoor,Hard,1st Round,3,Yuan Y.,Rus A.,Yuan Y.,49,76,1082,871,1.57,2.38,6-2 6-4 
Brisbane International,2024-12-30 00:00:00,Outdoor,Hard,1st Round,3,Zheng S.,Jabeur O.,Jabeur O.,692,42,49,1226,9.0,1.07,6-7 4-6 
Brisbane International,2024-12-31 00:00:00,Outdoor,Hard,2nd Round,3,Avanesyan E.,Badosa P.,Avanesyan E.,43,12,1182,2908,4.33,1.22,6-3 1-6 6-2
Brisbane International,2024-12-31 00:00:00,Outdoor,Hard,2nd Round,3,Kessler M.,Putintseva Y.,Putintseva Y.,67,29,924,1844,2.75,1.44,2-6 5-7 
Brisbane International,2024-12-31 00:00:00,Outdoor,Hard,2nd Round,3,Krueger A.,Kalinskaya A.,Krueger A.,64,14,969,2743,2.3,1.62,6-3 6-3 
Brisbane International,2024-12-31 00:00:00,Outdoor,Hard,2nd Round,3,Zarazua R.,Sabalenka A.,Sabalenka A.,75,1,882,9416,19.0,1.02,4-6 0-6 
Brisbane International,2024-12-31 00:00:00,Outdoor,Hard,2nd Round,3,Andreeva M.,Blinkova A.,Andreeva M.,16,77,2578,866,1.2,4.5,6-4 6-4 
Brisbane International,2024-12-31 00:00:00,Outdoor,Hard,2nd Round,3,Ostapenko J.,Bouzkova M.,Bouzkova M.,15,44,2588,1178,2.3,1.62,6-7 4-6 
Brisbane International,2024-12-31 00:00:00,Outdoor,Hard,2nd Round,3,Jabeur O.,Alexandrova E.,Jabeur O.,42,28,1226,1848,2.0,1.8,6-3 6-2 
Brisbane International,2024-12-31 00:00:00,Outdoor,Hard,2nd Round,3,Shnaider D.,Kalinina A.,Kalinina A.,13,55,2895,1030,1.17,5.0,3-6 6-4 1-6
Brisbane International,2025-01-01 00:00:00,Outdoor,Hard,2nd Round,3,Birrell K.,Navarro E.,Birrell K.,113,8,654,3589,5.0,1.17,7-5 7-5 
Brisbane International,2025-01-01 00:00:00,Outdoor,Hard,2nd Round,3,Samsonova L.,Kudermetova P.,Kudermetova P.,27,107,1885,701,1.62,2.3,7-6 3-6 2-6
Brisbane International,2025-01-01 00:00:00,Outdoor,Hard,2nd Round,3,Kasatkina D.,Stearns P.,Kasatkina D.,9,47,3368,1139,1.73,2.1,7-6 4-6 7-5
Brisbane International,2025-01-01 00:00:00,Outdoor,Hard,2nd Round,3,Yastremska D.,Potapova A.,Potapova A.,33,35,1565,1482,2.5,1.53,5-7 4-6 
Brisbane International,2025-01-01 00:00:00,Outdoor,Hard,2nd Round,3,Lamens S.,Frech M.,Lamens S.,87,25,821,1928,2.38,1.57,7-5 6-3 
Brisbane International,2025-01-01 00:00:00,Outdoor,Hard,2nd Round,3,Kostyuk M.,Yuan Y.,Yuan Y.,18,49,2493,1082,1.44,2.75,4-6 3-6 
Brisbane International,2025-01-01 00:00:00,Outdoor,Hard,2nd Round,3,Azarenka V.,Joint M.,Azarenka V.,20,116,2127,645,1.36,3.2,6-7 6-2 6-4
Brisbane International,2025-01-01 00:00:00,Outdoor,Hard,2nd Round,3,Todoni A.,Noskova L.,Noskova L.,118,26,635,1913,3.0,1.4,1-6 4-6 
Brisbane International,2025-01-02 00:00:00,Outdoor,Hard,3rd Round,3,Birrell K.,Potapova A.,Birrell K.,113,35,654,1482,2.63,1.5,7-6 6-2 
Brisbane International,2025-01-02 00:00:00,Outdoor,Hard,3rd Round,3,Lamens S.,Krueger A.,Krueger A.,87,64,821,969,2.38,1.57,5-7 0-6 
Brisbane International,2025-01-02 00:00:00,Outdoor,Hard,3rd Round,3,Kudermetova P.,Kasatkina D.,Kudermetova P.,107,9,701,3368,2.5,1.53,1-6 6-2 7-5
Brisbane International,2025-01-02 00:00:00,Outdoor,Hard,3rd Round,3,Yuan Y.,Kalinina A.,Kalinina A.,49,55,1082,1030,1.67,2.2,1-6 4-6 
Brisbane International,2025-01-02 00:00:00,Outdoor,Hard,3rd Round,3,Andreeva M.,Noskova L.,Andreeva M.,16,26,2578,1913,1.57,2.38,6-3 6-0 
Brisbane International,2025-01-02 00:00:00,Outdoor,Hard,3rd Round,3,Avanesyan E.,Jabeur O.,Jabeur O.,43,42,1182,1226,2.2,1.67,4-6 6-1 4-6
Brisbane International,2025-01-02 00:00:00,Outdoor,Hard,3rd Round,3,Bouzkova M.,Azarenka V.,Bouzkova M.,44,20,1178,2127,2.2,1.67,6-4 6-4 
Brisbane International,2025-01-02 00:00:00,Outdoor,Hard,3rd Round,3,Putintseva Y.,Sabalenka A.,Sabalenka A.,29,1,1844,9416,6.0,1.13,6-7 4-6 
Brisbane International,2025-01-03 00:00:00,Outdoor,Hard,Quarterfinals,3,Kalinina A.,Birrell K.,Kalinina A.,55,113,1030,654,1.73,2.1,4-6 6-1 7-5
Brisbane International,2025-01-03 00:00:00,Outdoor,Hard,Quarterfinals,3,Jabeur O.,Andreeva M.,Andreeva M.,42,16,1226,2578,3.5,1.3,4-6 6-7 
Brisbane International,2025-01-03 00:00:00,Outdoor,Hard,Quarterfinals,3,Kudermetova P.,Krueger A.,Kudermetova P.,107,64,701,969,2.38,1.57,7-6 6-3 
Brisbane International,2025-01-03 00:00:00,Outdoor,Hard,Quarterfinals,3,Bouzkova M.,Sabalenka A.,Sabalenka A.,44,1,1178,9416,7.0,1.1,3-6 4-6 
Brisbane International,2025-01-04 00:00:00,Outdoor,Hard,Semifinals,3,Kudermetova P.,Kalinina A.,Kudermetova P.,107,55,701,1030,1.91,1.91,6-4 6-3 
Brisbane International,2025-01-04 00:00:00,Outdoor,Hard,Semifinals,3,Andreeva M.,Sabalenka A.,Sabalenka A.,16,1,2578,9416,3.2,1.36,3-6 2-6 
Brisbane International,2025-01-05 00:00:00,Outdoor,Hard,The Final,3,Sabalenka A.,Kudermetova P.,Sabalenka A.,1,107,9416,701,1.06,10.0,4-6 6-3 6-2
Adelaide International,2025-01-06 00:00:00,Outdoor,Hard,1st Round,3,Vekic D.,Putintseva Y.,Putintseva Y.,19,25,2228,1894,2.2,1.67,2-6 3-6 
Adelaide International,2025-01-06 00:00:00,Outdoor,Hard,1st Round,3,Jones E.,Wang Xin.,Jones E.,371,37,163,1418,5.0,1.17,6-4 6-0 
Adelaide International,2025-01-06 00:00:00,Outdoor,Hard,1st Round,3,Fernandez L.A.,Alexandrova E.,Alexandrova E.,31,27,1755,1848,1.33,3.4,4-6 6-3 2-6
Adelaide International,2025-01-06 00:00:00,Outdoor,Hard,1st Round,3,Kasatkina D.,Gadecki O.,Kasatkina D.,9,106,3368,725,1.29,3.75,6-2 6-3 
Adelaide International,2025-01-06 00:00:00,Outdoor,Hard,1st Round,3,Pavlyuchenkova A.,Vondrousova M.,Vondrousova M.,28,39,1807,1343,2.0,1.8,4-6 7-6 2-6
Adelaide International,2025-01-06 00:00:00,Outdoor,Hard,1st Round,3,Badosa P.,Stearns P.,Badosa P.,12,47,2908,1171,1.53,2.5,6-7 6-3 7-5
Adelaide International,2025-01-07 00:00:00,Outdoor,Hard,1st Round,3,Haddad Maia B.,Keys M.,Keys M.,16,20,2554,2180,2.75,1.44,2-6 1-6 
Adelaide International,2025-01-07 00:00:00,Outdoor,Hard,1st Round,3,Sakkari M.,Noskova L.,Sakkari M.,32,30,1654,1778,2.63,1.5,6-3 6-3 
Adelaide International,2025-01-07 00:00:00,Outdoor,Hard,1st Round,3,Bouzkova M.,Samsonova L.,Samsonova L.,42,26,1262,1885,1.67,2.2,6-1 4-6 1-6
Adelaide International,2025-01-07 00:00:00,Outdoor,Hard,1st Round,3,Ostapenko J.,Frech M.,Ostapenko J.,17,24,2481,1928,1.67,2.2,4-6 6-1 6-1
Adelaide International,2025-01-07 00:00:00,Outdoor,Hard,1st Round,3,Siniakova K.,Shnaider D.,Shnaider D.,46,13,1177,2895,2.63,1.5,3-6 6-0 0-6
Adelaide International,2025-01-07 00:00:00,Outdoor,Hard,1st Round,3,Krueger A.,Kostyuk M.,Krueger A.,54,18,1050,2471,2.0,1.8,4-6 6-2 6-2
Adelaide International,2025-01-07 00:00:00,Outdoor,Hard,1st Round,3,Collins D.,Jabeur O.,Jabeur O.,11,40,3147,1334,2.1,1.73,6-7 2-6 
Adelaide International,2025-01-08 00:00:00,Outdoor,Hard,2nd Round,3,Navarro E.,Alexandrova E.,Navarro E.,8,27,3551,1848,1.57,2.38,7-6 6-4 
Adelaide International,2025-01-08 00:00:00,Outdoor,Hard,2nd Round,3,Sakkari M.,Pegula J.,Pegula J.,32,7,1654,4671,2.3,1.62,4-6 1-6 
Adelaide International,2025-01-08 00:00:00,Outdoor,Hard,2nd Round,3,Samsonova L.,Bencic B.,Samsonova L.,26,421,1885,138,2.63,1.5,7-6 4-6 6-4
Adelaide International,2025-01-08 00:00:00,Outdoor,Hard,2nd Round,3,Badosa P.,Krueger A.,Krueger A.,12,54,2908,1050,1.44,2.75,6-7 7-6 2-6
Adelaide International,2025-01-08 00:00:00,Outdoor,Hard,2nd Round,3,Keys M.,Ostapenko J.,Keys M.,20,17,2180,2481,1.29,3.75,3-6 6-4 6-3
Adelaide International,2025-01-08 00:00:00,Outdoor,Hard,2nd Round,3,Jabeur O.,Putintseva Y.,Putintseva Y.,40,25,1334,1894,2.1,1.73,2-6 4-6 
Adelaide International,2025-01-08 00:00:00,Outdoor,Hard,2nd Round,3,Kasatkina D.,Jones E.,Kasatkina D.,9,371,3368,163,1.17,5.0,7-5 6-3 
Adelaide International,2025-01-09 00:00:00,Outdoor,Hard,Quarterfinals,3,Navarro E.,Samsonova L.,Samsonova L.,8,26,3551,1885,1.67,2.2,4-6 4-6 
Adelaide International,2025-01-09 00:00:00,Outdoor,Hard,Quarterfinals,3,Keys M.,Kasatkina D.,Keys M.,20,9,2180,3368,1.44,2.75,6-1 6-3 
Adelaide International,2025-01-09 00:00:00,Outdoor,Hard,Quarterfinals,3,Shnaider D.,Putintseva Y.,Putintseva Y.,13,25,2895,1894,2.3,1.62,6-7 7-6 4-6
Adelaide International,2025-01-10 00:00:00,Outdoor,Hard,Semifinals,3,Pegula J.,Putintseva Y.,Pegula J.,7,25,4671,1894,1.5,2.63,7-6 6-3 
Adelaide International,2025-01-11 00:00:00,Outdoor,Hard,The Final,3,Pegula J.,Keys M.,Keys M.,7,20,4671,2180,2.0,1.8,3-6 6-4 1-6
Hobart International,2025-01-06 00:00:00,Outdoor,Hard,1st Round,3,Kessler M.,Sramkova R.,Kessler M.,67,49,938,1166,1.8,2.0,6-3 7-5 
Hobart International,2025-01-06 00:00:00,Outdoor,Hard,1st Round,3,Wang Xiy.,Avanesyan E.,Avanesyan E.,108,44,706,1212,1.8,2.0,3-6 5-7 
Hobart International,2025-01-06 00:00:00,Outdoor,Hard,1st Round,3,Bondar A.,Sherif M.,Bondar A.,97,65,786,955,1.91,1.91,7-5 6-4 
Hobart International,2025-01-06 00:00:00,Outdoor,Hard,1st Round,3,Bouzas Maneiro J.,Carle M.,Carle M.,52,96,1057,797,1.62,2.3,3-6 6-3 0-6
Hobart International,2025-01-06 00:00:00,Outdoor,Hard,1st Round,3,Minnen G.,Tomova V.,Minnen G.,94,56,800,1047,1.53,2.5,7-5 6-3 
Hobart International,2025-01-06 00:00:00,Outdoor,Hard,1st Round,3,Yuan Y.,Osorio M.,Osorio M.,51,61,1142,989,1.67,2.2,2-6 3-6 
Hobart International,2025-01-06 00:00:00,Outdoor,Hard,1st Round,3,Kudermetova V.,Cocciaretto E.,Kudermetova V.,77,55,888,1048,1.62,2.3,7-5 6-0 
Hobart International,2025-01-07 00:00:00,Outdoor,Hard,1st Round,3,Pera B.,Blinkova A.,Blinkova A.,70,75,920,898,1.91,1.91,5-7 4-6 
Hobart International,2025-01-07 00:00:00,Outdoor,Hard,1st Round,3,Li A.,Stephens S.,Li A.,91,84,808,851,1.53,2.5,7-5 6-1 
Hobart International,2025-01-07 00:00:00,Outdoor,Hard,1st Round,3,Volynets K.,Yastremska D.,Yastremska D.,59,33,996,1541,1.67,2.2,6-2 4-6 1-6
Hobart International,2025-01-07 00:00:00,Outdoor,Hard,1st Round,3,Kenin S.,Sun L.,Kenin S.,81,43,868,1253,1.5,2.63,4-6 6-3 6-3
Hobart International,2025-01-07 00:00:00,Outdoor,Hard,1st Round,3,Danilovic O.,Joint M.,Joint M.,53,118,1055,650,1.8,2.0,2-6 3-6 
Hobart International,2025-01-07 00:00:00,Outdoor,Hard,1st Round,3,Linette M.,Gracheva V.,Linette M.,38,69,1376,925,1.33,3.4,6-3 3-6 6-4
Hobart International,2025-01-07 00:00:00,Outdoor,Hard,1st Round,3,Bronzetti L.,Zarazua R.,Zarazua R.,78,76,885,898,2.0,1.8,4-6 3-6 
Hobart International,2025-01-07 00:00:00,Outdoor,Hard,1st Round,3,Anisimova A.,Saville D.,Anisimova A.,36,112,1432,676,1.25,4.0,6-3 6-3 
Hobart International,2025-01-07 00:00:00,Outdoor,Hard,1st Round,3,Parrizas Diaz N.,Mertens E.,Mertens E.,104,34,737,1524,3.0,1.4,3-6 1-6 
Hobart International,2025-01-08 00:00:00,Outdoor,Hard,2nd Round,3,Kenin S.,Blinkova A.,Kenin S.,81,75,868,898,1.62,2.3,6-2 3-6 6-2
Hobart International,2025-01-08 00:00:00,Outdoor,Hard,2nd Round,3,Carle M.,Kessler M.,Kessler M.,96,67,797,938,2.75,1.44,2-6 2-6 
Hobart International,2025-01-08 00:00:00,Outdoor,Hard,2nd Round,3,Joint M.,Linette M.,Joint M.,118,38,650,1376,1.91,1.91,6-1 6-1 
Hobart International,2025-01-08 00:00:00,Outdoor,Hard,2nd Round,3,Minnen G.,Avanesyan E.,Avanesyan E.,94,44,800,1212,2.38,1.57,2-6 2-6 
Hobart International,2025-01-08 00:00:00,Outdoor,Hard,2nd Round,3,Yastremska D.,Li A.,Yastremska D.,33,91,1541,808,2.5,1.53,1-6 7-5 6-2
Hobart International,2025-01-08 00:00:00,Outdoor,Hard,2nd Round,3,Osorio M.,Kudermetova V.,Kudermetova V.,61,77,989,888,2.0,1.8,4-6 1-6 
Hobart International,2025-01-08 00:00:00,Outdoor,Hard,2nd Round,3,Anisimova A.,Bondar A.,Anisimova A.,36,97,1432,786,1.2,4.5,6-3 6-4 
Hobart International,2025-01-08 00:00:00,Outdoor,Hard,2nd Round,3,Zarazua R.,Mertens E.,Mertens E.,76,34,898,1524,3.2,1.36,4-6 3-6 
Hobart International,2025-01-09 00:00:00,Outdoor,Hard,Quarterfinals,3,Kessler M.,Yastremska D.,Kessler M.,67,33,938,1541,1.67,2.2,7-5 6-4 
Hobart International,2025-01-09 00:00:00,Outdoor,Hard,Quarterfinals,3,Kenin S.,Joint M.,Joint M.,81,118,868,650,1.73,2.1,3-6 1-6 
Hobart International,2025-01-09 00:00:00,Outdoor,Hard,Quarterfinals,3,Mertens E.,Kudermetova V.,Mertens E.,34,77,1524,888,1.73,2.1,6-1 0-6 6-2
Hobart International,2025-01-10 00:00:00,Outdoor,Hard,Semifinals,3,Avanesyan E.,Kessler M.,Kessler M.,44,67,1212,938,1.73,2.1,6-4 3-6 4-6
Hobart International,2025-01-10 00:00:00,Outdoor,Hard,Semifinals,3,Mertens E.,Joint M.,Mertens E.,34,118,1524,650,1.73,2.1,6-2 6-3 
Hobart International,2025-01-11 00:00:00,Outdoor,Hard,The Final,3,Mertens E.,Kessler M.,Kessler M.,34,67,1524,938,1.5,2.63,4-6 6-3 0-6
Australian Open,2025-01-12 00:00:00,Outdoor,Hard,1st Round,3,Andreeva M.,Bouzkova M.,Andreeva M.,15,43,2665,1262,1.29,3.75,6-3 6-3 
Australian Open,2025-01-12 00:00:00,Outdoor,Hard,1st Round,3,Starodubtseva Y.,Fernandez L.A.,Fernandez L.A.,100,29,750,1755,5.5,1.14,5-7 4-6 
Australian Open,2025-01-12 00:00:00,Outdoor,Hard,1st Round,3,Lamens S.,Erjavec V.,Lamens S.,77,171,879,432,1.5,2.63,7-5 7-6 
Australian Open,2025-01-12 00:00:00,Outdoor,Hard,1st Round,3,Pera B.,Maria T.,Maria T.,78,90,877,826,1.44,2.75,6-7 4-6 
Australian Open,2025-01-12 00:00:00,Outdoor,Hard,1st Round,3,Zheng Q.,Todoni A.,Zheng Q.,5,111,5325,690,1.1,7.0,7-6 6-1 
Australian Open,2025-01-12 00:00:00,Outdoor,Hard,1st Round,3,Parry D.,Vekic D.,Vekic D.,66,19,950,2228,3.75,1.29,4-6 4-6 
Australian Open,2025-01-12 00:00:00,Outdoor,Hard,1st Round,3,Badosa P.,Wang Xin.,Badosa P.,12,37,2958,1413,1.25,4.0,6-3 7-6 
Australian Open,2025-01-12 00:00:00,Outdoor,Hard,1st Round,3,Noskova L.,Tauson C.,Tauson C.,28,42,1778,1271,1.8,2.0,7-5 3-6 4-6
Australian Open,2025-01-12 00:00:00,Outdoor,Hard,1st Round,3,Bouzas Maneiro J.,Kartal S.,Bouzas Maneiro J.,54,87,1057,836,2.2,1.67,6-1 7-6 
Australian Open,2025-01-12 00:00:00,Outdoor,Hard,1st Round,3,Stephens S.,Sabalenka A.,Sabalenka A.,81,1,851,9656,15.0,1.03,3-6 2-6 
Australian Open,2025-01-12 00:00:00,Outdoor,Hard,1st Round,3,Bucsa C.,Paquet C.,Bucsa C.,110,122,690,593,1.36,3.2,6-2 6-3 
Australian Open,2025-01-12 00:00:00,Outdoor,Hard,1st Round,3,Saville D.,Blinkova A.,Blinkova A.,124,73,587,898,2.63,1.5,6-1 4-6 5-7
Australian Open,2025-01-13 00:00:00,Outdoor,Hard,1st Round,3,Burrage J.,Jeanjean L.,Burrage J.,173,149,425,486,1.67,2.2,6-2 6-4 
Australian Open,2025-01-13 00:00:00,Outdoor,Hard,1st Round,3,Baptiste H.,Siegemund L.,Siegemund L.,88,97,834,786,1.73,2.1,6-4 5-7 4-6
Australian Open,2025-01-13 00:00:00,Outdoor,Hard,1st Round,3,Samsonova L.,Rakhimova K.,Samsonova L.,21,62,2070,987,1.2,4.5,6-2 6-4 
Australian Open,2025-01-13 00:00:00,Outdoor,Hard,1st Round,3,Rus A.,Danilovic O.,Danilovic O.,79,55,874,1055,2.75,1.44,4-6 4-6 
Australian Open,2025-01-13 00:00:00,Outdoor,Hard,1st Round,3,Gibson T.,Sonmez Z.,Gibson T.,150,94,480,807,2.63,1.5,3-6 7-6 6-1
Australian Open,2025-01-13 00:00:00,Outdoor,Hard,1st Round,3,Volynets K.,Sramkova R.,Sramkova R.,60,49,996,1166,1.73,2.1,6-3 2-6 2-6
Australian Open,2025-01-13 00:00:00,Outdoor,Hard,1st Round,3,Shnaider D.,Cocciaretto E.,Shnaider D.,13,56,2895,1048,1.17,5.0,7-6 6-4 
Australian Open,2025-01-13 00:00:00,Outdoor,Hard,1st Round,3,Linette M.,Uchijima M.,Uchijima M.,40,63,1376,981,1.36,3.2,6-4 2-6 6-7
Australian Open,2025-01-13 00:00:00,Outdoor,Hard,1st Round,3,Tomljanovic A.,Krueger A.,Tomljanovic A.,114,52,667,1141,3.0,1.4,6-4 4-6 6-4
Australian Open,2025-01-13 00:00:00,Outdoor,Hard,1st Round,3,Kenin S.,Gauff C.,Gauff C.,74,3,892,6888,11.0,1.05,3-6 3-6 
Australian Open,2025-01-13 00:00:00,Outdoor,Hard,1st Round,3,Frech M.,Kudermetova P.,Frech M.,26,57,1910,1036,2.3,1.62,6-4 6-4 
Australian Open,2025-01-13 00:00:00,Outdoor,Hard,1st Round,3,Cirstea S.,Svitolina E.,Svitolina E.,71,27,913,1779,4.0,1.25,4-6 4-6 
Australian Open,2025-01-13 00:00:00,Outdoor,Hard,1st Round,3,Bronzetti L.,Azarenka V.,Bronzetti L.,76,24,885,1992,3.75,1.29,6-2 7-6 
Australian Open,2025-01-13 00:00:00,Outdoor,Hard,1st Round,3,Fett J.,Dart H.,Dart H.,133,112,545,675,2.31,1.62,5-7 6-2 6-7
Australian Open,2025-01-13 00:00:00,Outdoor,Hard,1st Round,3,Dolehide C.,Bejlek S.,Dolehide C.,83,155,844,466,2.75,1.44,7-6 6-2 
Australian Open,2025-01-13 00:00:00,Outdoor,Hard,1st Round,3,Siniakova K.,Swiatek I.,Swiatek I.,50,2,1152,8120,10.0,1.06,3-6 4-6 
Australian Open,2025-01-13 00:00:00,Outdoor,Hard,1st Round,3,Potapova A.,Zidansek T.,Potapova A.,36,180,1434,390,1.29,3.75,6-2 7-5 
Australian Open,2025-01-13 00:00:00,Outdoor,Hard,1st Round,3,Ostapenko J.,Bencic B.,Bencic B.,22,294,2041,223,2.38,1.57,3-6 6-7 
Australian Open,2025-01-13 00:00:00,Outdoor,Hard,1st Round,3,Pavlyuchenkova A.,Yuan Y.,Pavlyuchenkova A.,32,53,1675,1086,1.62,2.3,6-4 4-6 6-3
Australian Open,2025-01-13 00:00:00,Outdoor,Hard,1st Round,3,Chwalinska M.,Niemeier J.,Niemeier J.,126,93,574,817,1.5,2.63,0-6 1-6 
Australian Open,2025-01-13 00:00:00,Outdoor,Hard,1st Round,3,Pegula J.,Joint M.,Pegula J.,6,105,4801,734,1.17,5.0,6-3 6-0 
Australian Open,2025-01-13 00:00:00,Outdoor,Hard,1st Round,3,Martic P.,Cristian J.,Cristian J.,131,82,556,847,2.5,1.53,2-6 6-4 6-7
Australian Open,2025-01-13 00:00:00,Outdoor,Hard,1st Round,3,Kostyuk M.,Hibino N.,Kostyuk M.,18,141,2364,517,1.25,4.0,3-6 6-3 6-1
Australian Open,2025-01-13 00:00:00,Outdoor,Hard,1st Round,3,Golubic V.,Mertens E.,Mertens E.,95,34,797,1524,2.75,1.44,6-4 6-7 4-6
Australian Open,2025-01-13 00:00:00,Outdoor,Hard,1st Round,3,Aiava D.,Minnen G.,Aiava D.,195,91,352,823,2.2,1.67,5-7 7-5 7-6
Australian Open,2025-01-13 00:00:00,Outdoor,Hard,1st Round,3,Podoroska N.,Muchova K.,Muchova K.,96,20,787,2079,13.0,1.04,1-6 1-6 
Australian Open,2025-01-13 00:00:00,Outdoor,Hard,1st Round,3,Collins D.,Snigur D.,Collins D.,11,138,3147,527,1.3,3.5,7-6 6-3 
Australian Open,2025-01-13 00:00:00,Outdoor,Hard,1st Round,3,Garcia C.,Osaka N.,Osaka N.,67,51,944,1145,4.5,1.2,3-6 6-3 3-6
Australian Open,2025-01-14 00:00:00,Outdoor,Hard,1st Round,3,Haddad Maia B.,Riera J.,Haddad Maia B.,17,146,2554,495,1.2,4.5,4-6 7-5 6-2
Australian Open,2025-01-14 00:00:00,Outdoor,Hard,1st Round,3,Grabher J.,Wang Xiy.,Wang Xiy.,415,108,142,706,7.0,1.1,1-6 5-7 
Australian Open,2025-01-14 00:00:00,Outdoor,Hard,1st Round,3,Wang Y.,Bondar A.,Wang Y.,64,92,969,821,1.91,1.91,3-6 6-3 6-4
Australian Open,2025-01-14 00:00:00,Outdoor,Hard,1st Round,3,Alexandrova E.,Raducanu E.,Raducanu E.,31,61,1713,995,2.1,1.73,6-7 6-7 
Australian Open,2025-01-14 00:00:00,Outdoor,Hard,1st Round,3,Andreeva E.,Zheng S.,Andreeva E.,86,681,838,51,1.2,4.5,6-1 7-6 
Australian Open,2025-01-14 00:00:00,Outdoor,Hard,1st Round,3,Carle M.,Anisimova A.,Anisimova A.,89,35,829,1486,4.5,1.2,2-6 3-6 
Australian Open,2025-01-14 00:00:00,Outdoor,Hard,1st Round,3,Kasatkina D.,Tomova V.,Kasatkina D.,10,58,3151,1013,1.17,5.0,6-1 6-3 
Australian Open,2025-01-14 00:00:00,Outdoor,Hard,1st Round,3,Stearns P.,Navarro E.,Navarro E.,46,8,1198,3409,2.2,1.67,7-6 6-7 5-7
Australian Open,2025-01-14 00:00:00,Outdoor,Hard,1st Round,3,Jovic I.,Parrizas Diaz N.,Jovic I.,191,99,361,753,2.2,1.67,6-2 6-1 
Australian Open,2025-01-14 00:00:00,Outdoor,Hard,1st Round,3,Sherif M.,Yastremska D.,Yastremska D.,65,33,955,1594,2.75,1.41,1-6 4-6 
Australian Open,2025-01-14 00:00:00,Outdoor,Hard,1st Round,3,Lys E.,Birrell K.,Lys E.,128,101,566,750,1.27,3.7,6-2 6-2 
Australian Open,2025-01-14 00:00:00,Outdoor,Hard,1st Round,3,Mcnally C.,Gracheva V.,Gracheva V.,540,69,88,925,2.0,1.8,3-6 4-6 
Australian Open,2025-01-14 00:00:00,Outdoor,Hard,1st Round,3,Rybakina E.,Jones E.,Rybakina E.,7,293,4723,223,1.05,11.0,6-1 6-1 
Australian Open,2025-01-14 00:00:00,Outdoor,Hard,1st Round,3,Sun L.,Kovinic D.,Kovinic D.,44,1289,1253,6,1.05,11.0,3-6 5-7 
Australian Open,2025-01-14 00:00:00,Outdoor,Hard,1st Round,3,Ruse E.G.,Begu I.,Ruse E.G.,125,80,581,866,1.73,2.1,6-4 6-0 
Australian Open,2025-01-14 00:00:00,Outdoor,Hard,1st Round,3,Avanesyan E.,Putintseva Y.,Putintseva Y.,41,23,1280,2017,2.75,1.44,6-4 5-7 2-6
Australian Open,2025-01-14 00:00:00,Outdoor,Hard,1st Round,3,Zhang S.,Kessler M.,Zhang S.,204,47,341,1176,3.2,1.36,6-3 6-4 
Australian Open,2025-01-14 00:00:00,Outdoor,Hard,1st Round,3,Li A.,Keys M.,Keys M.,84,14,844,2680,6.0,1.13,4-6 5-7 
Australian Open,2025-01-14 00:00:00,Outdoor,Hard,1st Round,3,Paolini J.,Wei S.,Paolini J.,4,117,5399,630,1.17,5.0,6-0 6-4 
Australian Open,2025-01-14 00:00:00,Outdoor,Hard,1st Round,3,Townsend T.,Zarazua R.,Zarazua R.,85,70,843,920,1.67,2.2,7-6 1-6 2-6
Australian Open,2025-01-14 00:00:00,Outdoor,Hard,1st Round,3,Jabeur O.,Kalinina A.,Jabeur O.,39,48,1394,1171,1.44,2.75,6-3 6-3 
Australian Open,2025-01-14 00:00:00,Outdoor,Hard,1st Round,3,Sakkari M.,Osorio M.,Osorio M.,30,59,1727,1001,1.5,2.63,4-6 7-6 4-6
Australian Open,2025-01-14 00:00:00,Outdoor,Hard,1st Round,3,Boulter K.,Marino R.,Boulter K.,25,98,1931,770,1.14,5.5,6-4 3-6 7-5
Australian Open,2025-01-14 00:00:00,Outdoor,Hard,1st Round,3,Gadecki O.,Kudermetova V.,Kudermetova V.,106,75,725,888,3.4,1.33,1-6 1-6 
Australian Open,2025-01-15 00:00:00,Outdoor,Hard,2nd Round,3,Siegemund L.,Zheng Q.,Siegemund L.,97,5,786,5325,13.0,1.04,7-6 6-3 
Australian Open,2025-01-15 00:00:00,Outdoor,Hard,2nd Round,3,Samsonova L.,Danilovic O.,Danilovic O.,21,55,2070,1055,1.36,3.2,1-6 2-6 
Australian Open,2025-01-15 00:00:00,Outdoor,Hard,2nd Round,3,Andreeva M.,Uchijima M.,Andreeva M.,15,63,2665,981,1.03,15.0,6-4 3-6 7-6
Australian Open,2025-01-15 00:00:00,Outdoor,Hard,2nd Round,3,Bouzas Maneiro J.,Sabalenka A.,Sabalenka A.,54,1,1057,9656,21.0,1.02,3-6 5-7 
Australian Open,2025-01-15 00:00:00,Outdoor,Hard,2nd Round,3,Tauson C.,Maria T.,Tauson C.,42,90,1271,826,1.17,5.0,6-2 6-2 
Australian Open,2025-01-15 00:00:00,Outdoor,Hard,2nd Round,3,Blinkova A.,Frech M.,Frech M.,73,26,898,1910,2.2,1.67,6-0 0-6 2-6
Australian Open,2025-01-15 00:00:00,Outdoor,Hard,2nd Round,3,Pegula J.,Mertens E.,Pegula J.,6,34,4801,1524,1.25,4.0,6-4 6-2 
Australian Open,2025-01-15 00:00:00,Outdoor,Hard,2nd Round,3,Lamens S.,Bencic B.,Bencic B.,77,294,879,223,5.0,1.17,1-6 6-7 
Australian Open,2025-01-15 00:00:00,Outdoor,Hard,2nd Round,3,Osaka N.,Muchova K.,Osaka N.,51,20,1145,2079,3.2,1.36,1-6 6-1 6-3
Australian Open,2025-01-15 00:00:00,Outdoor,Hard,2nd Round,3,Bucsa C.,Fernandez L.A.,Fernandez L.A.,110,29,690,1755,6.0,1.13,6-3 4-6 4-6
Australian Open,2025-01-15 00:00:00,Outdoor,Hard,2nd Round,3,Pavlyuchenkova A.,Potapova A.,Pavlyuchenkova A.,32,36,1675,1434,1.67,2.2,7-6 2-6 6-2
Australian Open,2025-01-15 00:00:00,Outdoor,Hard,2nd Round,3,Tomljanovic A.,Shnaider D.,Shnaider D.,114,13,667,2895,4.0,1.25,4-6 5-7 
Australian Open,2025-01-15 00:00:00,Outdoor,Hard,2nd Round,3,Gauff C.,Burrage J.,Gauff C.,3,173,6888,425,1.02,21.0,6-3 7-5 
Australian Open,2025-01-15 00:00:00,Outdoor,Hard,2nd Round,3,Niemeier J.,Kostyuk M.,Kostyuk M.,93,18,817,2364,3.2,1.36,3-6 0-6 
Australian Open,2025-01-15 00:00:00,Outdoor,Hard,2nd Round,3,Vekic D.,Dart H.,Vekic D.,19,112,2228,675,1.17,5.0,4-6 6-0 6-2
Australian Open,2025-01-15 00:00:00,Outdoor,Hard,2nd Round,3,Gibson T.,Badosa P.,Badosa P.,150,12,480,2958,9.0,1.07,1-6 0-6 
Australian Open,2025-01-16 00:00:00,Outdoor,Hard,2nd Round,3,Jabeur O.,Osorio M.,Jabeur O.,39,59,1394,1001,1.36,3.2,7-5 6-3 
Australian Open,2025-01-16 00:00:00,Outdoor,Hard,2nd Round,3,Wang Y.,Kasatkina D.,Kasatkina D.,64,10,969,3151,6.0,1.13,2-6 0-6 
Australian Open,2025-01-16 00:00:00,Outdoor,Hard,2nd Round,3,Yastremska D.,Kovinic D.,Yastremska D.,33,1289,1594,6,1.1,7.0,6-0 6-1 
Australian Open,2025-01-16 00:00:00,Outdoor,Hard,2nd Round,3,Anisimova A.,Raducanu E.,Raducanu E.,35,61,1486,995,1.57,2.38,3-6 5-7 
Australian Open,2025-01-16 00:00:00,Outdoor,Hard,2nd Round,3,Navarro E.,Wang Xiy.,Navarro E.,8,108,3409,706,1.44,2.75,6-3 3-6 6-4
Australian Open,2025-01-16 00:00:00,Outdoor,Hard,2nd Round,3,Sramkova R.,Swiatek I.,Swiatek I.,49,2,1166,8120,19.0,1.02,0-6 2-6 
Australian Open,2025-01-16 00:00:00,Outdoor,Hard,2nd Round,3,Putintseva Y.,Zhang S.,Putintseva Y.,23,204,2017,341,1.17,5.0,6-2 6-1 
Australian Open,2025-01-16 00:00:00,Outdoor,Hard,2nd Round,3,Jovic I.,Rybakina E.,Rybakina E.,191,7,361,4723,11.0,1.05,0-6 3-6 
Australian Open,2025-01-16 00:00:00,Outdoor,Hard,2nd Round,3,Lys E.,Gracheva V.,Lys E.,128,69,566,925,1.57,2.38,6-2 3-6 6-4
Australian Open,2025-01-16 00:00:00,Outdoor,Hard,2nd Round,3,Andreeva E.,Haddad Maia B.,Haddad Maia B.,86,17,838,2554,3.0,1.4,2-6 3-6 
Australian Open,2025-01-16 00:00:00,Outdoor,Hard,2nd Round,3,Cristian J.,Bronzetti L.,Cristian J.,82,76,847,885,2.2,1.67,7-5 7-5 
Australian Open,2025-01-16 00:00:00,Outdoor,Hard,2nd Round,3,Dolehide C.,Svitolina E.,Svitolina E.,83,27,844,1779,4.0,1.25,1-6 4-6 
Australian Open,2025-01-16 00:00:00,Outdoor,Hard,2nd Round,3,Kudermetova V.,Boulter K.,Kudermetova V.,75,25,888,1931,2.2,1.67,7-6 2-6 6-2
Australian Open,2025-01-16 00:00:00,Outdoor,Hard,2nd Round,3,Ruse E.G.,Keys M.,Keys M.,125,14,581,2680,6.5,1.11,6-7 6-2 5-7
Australian Open,2025-01-16 00:00:00,Outdoor,Hard,2nd Round,3,Collins D.,Aiava D.,Collins D.,11,195,3147,352,1.36,3.2,7-6 4-6 6-2
Australian Open,2025-01-16 00:00:00,Outdoor,Hard,2nd Round,3,Zarazua R.,Paolini J.,Paolini J.,70,4,920,5399,5.5,1.14,2-6 3-6 
Australian Open,2025-01-17 00:00:00,Outdoor,Hard,3rd Round,3,Pavlyuchenkova A.,Siegemund L.,Pavlyuchenkova A.,32,97,1675,786,1.5,2.63,6-1 6-2 
Australian Open,2025-01-17 00:00:00,Outdoor,Hard,3rd Round,3,Shnaider D.,Vekic D.,Vekic D.,13,19,2895,2228,1.53,2.5,6-7 7-6 5-7
Australian Open,2025-01-17 00:00:00,Outdoor,Hard,3rd Round,3,Sabalenka A.,Tauson C.,Sabalenka A.,1,42,9656,1271,1.08,8.0,7-6 6-4 
Australian Open,2025-01-17 00:00:00,Outdoor,Hard,3rd Round,3,Kostyuk M.,Badosa P.,Badosa P.,18,12,2364,2958,3.0,1.4,4-6 6-4 3-6
Australian Open,2025-01-17 00:00:00,Outdoor,Hard,3rd Round,3,Andreeva M.,Frech M.,Andreeva M.,15,26,2665,1910,1.17,5.0,6-2 1-6 6-2
Australian Open,2025-01-17 00:00:00,Outdoor,Hard,3rd Round,3,Fernandez L.A.,Gauff C.,Gauff C.,29,3,1755,6888,5.0,1.17,4-6 2-6 
Australian Open,2025-01-17 00:00:00,Outdoor,Hard,3rd Round,3,Danilovic O.,Pegula J.,Danilovic O.,55,6,1055,4801,5.0,1.17,7-6 6-1 
Australian Open,2025-01-18 00:00:00,Outdoor,Hard,3rd Round,3,Jabeur O.,Navarro E.,Navarro E.,39,8,1394,3409,2.1,1.73,4-6 6-3 4-6
Australian Open,2025-01-18 00:00:00,Outdoor,Hard,3rd Round,3,Swiatek I.,Raducanu E.,Swiatek I.,2,61,8120,995,1.08,8.0,6-1 6-0 
Australian Open,2025-01-18 00:00:00,Outdoor,Hard,3rd Round,3,Cristian J.,Lys E.,Lys E.,82,128,847,566,2.63,1.5,6-4 3-6 3-6
Australian Open,2025-01-18 00:00:00,Outdoor,Hard,3rd Round,3,Kasatkina D.,Putintseva Y.,Kasatkina D.,10,23,3151,2017,2.2,1.67,7-5 6-1 
Australian Open,2025-01-18 00:00:00,Outdoor,Hard,3rd Round,3,Yastremska D.,Rybakina E.,Rybakina E.,33,7,1594,4723,7.0,1.1,3-6 4-6 
Australian Open,2025-01-18 00:00:00,Outdoor,Hard,3rd Round,3,Kudermetova V.,Haddad Maia B.,Kudermetova V.,75,17,888,2554,1.91,1.91,6-4 6-2 
Australian Open,2025-01-18 00:00:00,Outdoor,Hard,3rd Round,3,Paolini J.,Svitolina E.,Svitolina E.,4,27,5399,1779,1.67,2.2,6-2 4-6 0-6
Australian Open,2025-01-18 00:00:00,Outdoor,Hard,3rd Round,3,Keys M.,Collins D.,Keys M.,14,11,2680,3147,1.36,3.2,6-4 6-4 
Australian Open,2025-01-19 00:00:00,Outdoor,Hard,4th Round,3,Andreeva M.,Sabalenka A.,Sabalenka A.,15,1,2665,9656,4.33,1.22,1-6 2-6 
Australian Open,2025-01-19 00:00:00,Outdoor,Hard,4th Round,3,Gauff C.,Bencic B.,Gauff C.,3,294,6888,223,1.2,4.5,5-7 6-2 6-1
Australian Open,2025-01-19 00:00:00,Outdoor,Hard,4th Round,3,Vekic D.,Pavlyuchenkova A.,Pavlyuchenkova A.,19,32,2228,1675,1.8,2.0,6-7 0-6 
Australian Open,2025-01-19 00:00:00,Outdoor,Hard,4th Round,3,Badosa P.,Danilovic O.,Badosa P.,12,55,2958,1055,1.4,3.0,6-1 7-6 
Australian Open,2025-01-20 00:00:00,Outdoor,Hard,4th Round,3,Kudermetova V.,Svitolina E.,Svitolina E.,75,27,888,1779,2.75,1.44,4-6 1-6 
Australian Open,2025-01-20 00:00:00,Outdoor,Hard,4th Round,3,Keys M.,Rybakina E.,Keys M.,14,7,2680,4723,2.3,1.62,6-3 1-6 6-3
Australian Open,2025-01-20 00:00:00,Outdoor,Hard,4th Round,3,Kasatkina D.,Navarro E.,Navarro E.,10,8,3151,3409,1.91,1.91,4-6 7-5 5-7
Australian Open,2025-01-20 00:00:00,Outdoor,Hard,4th Round,3,Swiatek I.,Lys E.,Swiatek I.,2,128,8120,566,1.02,21.0,6-0 6-1 
Australian Open,2025-01-21 00:00:00,Outdoor,Hard,Quarterfinals,3,Gauff C.,Badosa P.,Badosa P.,3,12,6888,2958,1.25,4.0,5-7 4-6 
Australian Open,2025-01-21 00:00:00,Outdoor,Hard,Quarterfinals,3,Sabalenka A.,Pavlyuchenkova A.,Sabalenka A.,1,32,9656,1675,1.08,8.0,6-2 2-6 6-3
Australian Open,2025-01-22 00:00:00,Outdoor,Hard,Quarterfinals,3,Svitolina E.,Keys M.,Keys M.,27,14,1779,2680,2.63,1.5,6-3 3-6 4-6
Australian Open,2025-01-22 00:00:00,Outdoor,Hard,Quarterfinals,3,Swiatek I.,Navarro E.,Swiatek I.,2,8,8120,3409,1.06,10.0,6-1 6-2 
Australian Open,2025-01-23 00:00:00,Outdoor,Hard,Semifinals,3,Badosa P.,Sabalenka A.,Sabalenka A.,12,1,2958,9656,3.75,1.29,4-6 2-6 
Australian Open,2025-01-23 00:00:00,Outdoor,Hard,Semifinals,3,Keys M.,Swiatek I.,Keys M.,14,2,2680,8120,5.0,1.17,5-7 6-1 7-6
Ladies Linz Open,2025-01-27 00:00:00,Indoor,Hard,1st Round,3,Tomova V.,Bouzas Maneiro J.,Tomova V.,64,57,953,1052,2.75,1.44,7-6 6-4 
Ladies Linz Open,2025-01-27 00:00:00,Indoor,Hard,1st Round,3,Rus A.,Cirstea S.,Cirstea S.,88,70,814,913,1.8,2.0,7-5 2-6 3-6
Ladies Linz Open,2025-01-28 00:00:00,Indoor,Hard,1st Round,3,Ruzic A.,Sherif M.,Ruzic A.,168,63,439,955,1.33,3.4,6-3 6-4 
Ladies Linz Open,2025-01-28 00:00:00,Indoor,Hard,1st Round,3,Kalinina A.,Tauson C.,Tauson C.,48,39,1171,1331,2.75,1.44,3-6 3-6 
Ladies Linz Open,2025-01-28 00:00:00,Indoor,Hard,1st Round,3,Sorribes Tormo S.,Sun L.,Sorribes Tormo S.,99,45,754,1223,1.73,2.1,6-3 6-3 
Ladies Linz Open,2025-01-28 00:00:00,Indoor,Hard,1st Round,3,Cocciaretto E.,Sramkova R.,Sramkova R.,59,44,988,1226,2.1,1.73,5-7 5-7 
Ladies Linz Open,2025-01-28 00:00:00,Indoor,Hard,1st Round,3,Potapova A.,Grabher J.,Potapova A.,33,393,1494,152,1.1,7.0,6-2 6-2 
Ladies Linz Open,2025-01-28 00:00:00,Indoor,Hard,1st Round,3,Zakharova A.,Sasnovich A.,Sasnovich A.,139,149,517,487,2.3,1.62,3-6 6-7 
Ladies Linz Open,2025-01-28 00:00:00,Indoor,Hard,1st Round,3,Martic P.,Lys E.,Martic P.,125,91,576,806,2.5,1.53,6-4 5-7 6-3
Ladies Linz Open,2025-01-28 00:00:00,Indoor,Hard,1st Round,3,Bronzetti L.,Yastremska D.,Yastremska D.,66,72,945,904,2.1,1.73,6-7 5-7 
Ladies Linz Open,2025-01-29 00:00:00,Indoor,Hard,1st Round,3,Avanesyan E.,Siniakova K.,Avanesyan E.,49,53,1160,1092,1.8,2.0,6-3 6-2 
Ladies Linz Open,2025-01-29 00:00:00,Indoor,Hard,1st Round,3,Kraus S.,Blinkova A.,Blinkova A.,220,83,324,838,2.63,1.5,6-7 2-6 
Ladies Linz Open,2025-01-29 00:00:00,Indoor,Hard,2nd Round,3,Tauson C.,Cirstea S.,Tauson C.,39,70,1331,913,1.22,4.33,6-2 6-4 
Ladies Linz Open,2025-01-29 00:00:00,Indoor,Hard,2nd Round,3,Tomova V.,Sakkari M.,Sakkari M.,64,31,953,1667,3.4,1.33,3-6 2-6 
Ladies Linz Open,2025-01-29 00:00:00,Indoor,Hard,2nd Round,3,Potapova A.,Sramkova R.,Potapova A.,33,44,1494,1226,1.53,2.5,7-6 6-4 
Ladies Linz Open,2025-01-30 00:00:00,Indoor,Hard,2nd Round,3,Ruzic A.,Yastremska D.,Yastremska D.,168,72,439,904,2.2,1.67,5-7 1-6 
Ladies Linz Open,2025-01-30 00:00:00,Indoor,Hard,2nd Round,3,Martic P.,Avanesyan E.,Martic P.,125,49,576,1160,3.2,1.36,6-4 4-6 7-5
Ladies Linz Open,2025-01-30 00:00:00,Indoor,Hard,2nd Round,3,Svitolina E.,Blinkova A.,Blinkova A.,24,83,1969,838,1.3,3.5,4-6 4-6 
Ladies Linz Open,2025-01-30 00:00:00,Indoor,Hard,2nd Round,3,Muchova K.,Sorribes Tormo S.,Muchova K.,19,99,2149,754,1.17,5.0,6-2 6-3 
Ladies Linz Open,2025-01-30 00:00:00,Indoor,Hard,2nd Round,3,Sasnovich A.,Alexandrova E.,Alexandrova E.,149,30,487,1713,2.38,1.57,3-6 2-6 
Ladies Linz Open,2025-01-31 00:00:00,Indoor,Hard,Quarterfinals,3,Yastremska D.,Sakkari M.,Yastremska D.,72,31,904,1667,2.2,1.67,7-5 6-0 
Ladies Linz Open,2025-01-31 00:00:00,Indoor,Hard,Quarterfinals,3,Blinkova A.,Tauson C.,Tauson C.,83,39,838,1331,3.2,1.36,4-6 3-6 
Ladies Linz Open,2025-01-31 00:00:00,Indoor,Hard,Quarterfinals,3,Muchova K.,Potapova A.,Muchova K.,19,33,2149,1494,1.2,4.5,6-3 3-6 6-3
Ladies Linz Open,2025-01-31 00:00:00,Indoor,Hard,Quarterfinals,3,Martic P.,Alexandrova E.,Alexandrova E.,125,30,576,1713,3.2,1.36,6-3 2-6 2-6
Ladies Linz Open,2025-02-01 00:00:00,Indoor,Hard,Semifinals,3,Yastremska D.,Tauson C.,Yastremska D.,72,39,904,1331,2.5,1.53,6-1 6-4 
Ladies Linz Open,2025-02-01 00:00:00,Indoor,Hard,Semifinals,3,Muchova K.,Alexandrova E.,Alexandrova E.,19,30,2149,1713,1.33,3.4,0-6 4-6 
Ladies Linz Open,2025-02-02 00:00:00,Indoor,Hard,The Final,3,Alexandrova E.,Yastremska D.,Alexandrova E.,30,72,1713,904,1.67,2.2,6-2 3-6 7-5
Singapore Open,2025-01-27 00:00:00,Indoor,Hard,1st Round,3,Pera B.,Osorio M.,Osorio M.,77,55,877,1061,2.63,1.5,1-6 7-6 3-6
Singapore Open,2025-01-27 00:00:00,Indoor,Hard,1st Round,3,Li A.,Saville D.,Li A.,85,122,834,587,1.5,2.63,6-3 6-1 
Singapore Open,2025-01-27 00:00:00,Indoor,Hard,1st Round,3,Parks A.,Joint M.,Joint M.,89,109,809,714,2.0,1.8,6-4 1-6 5-7
Singapore Open,2025-01-27 00:00:00,Indoor,Hard,1st Round,3,Bucsa C.,Raducanu E.,Bucsa C.,101,56,750,1055,4.0,1.25,5-7 7-5 7-5
Singapore Open,2025-01-27 00:00:00,Indoor,Hard,1st Round,3,Wei S.,Sawangkaew M.,Sawangkaew M.,116,132,640,541,1.62,2.3,4-6 6-7 
Singapore Open,2025-01-27 00:00:00,Indoor,Hard,1st Round,3,Kalinskaya A.,Dolehide C.,Kalinskaya A.,18,81,2207,844,1.44,2.75,6-4 4-6 6-2
Singapore Open,2025-01-27 00:00:00,Indoor,Hard,1st Round,3,Andreeva E.,Salkova D.,Salkova D.,75,163,888,449,1.8,2.0,6-7 2-6 
Singapore Open,2025-01-27 00:00:00,Indoor,Hard,1st Round,3,Waltert S.,Tomljanovic A.,Waltert S.,179,114,410,667,2.1,1.73,6-2 6-3 
Singapore Open,2025-01-28 00:00:00,Indoor,Hard,1st Round,3,Kudermetova P.,Birrell K.,Birrell K.,58,95,1046,780,1.5,2.63,3-6 2-6 
Singapore Open,2025-01-28 00:00:00,Indoor,Hard,1st Round,3,Baptiste H.,Zarazua R.,Baptiste H.,93,65,800,950,1.91,1.91,2-6 6-0 6-3
Singapore Open,2025-01-28 00:00:00,Indoor,Hard,1st Round,3,Wang Xiy.,Timofeeva M.,Timofeeva M.,96,254,766,286,1.36,3.2,3-6 6-7 
Singapore Open,2025-01-28 00:00:00,Indoor,Hard,1st Round,3,Gadecki O.,Uchijima M.,Gadecki O.,107,60,725,983,2.0,1.8,6-1 6-7 6-2
Singapore Open,2025-01-28 00:00:00,Indoor,Hard,1st Round,3,Marino R.,Wang Xin.,Wang Xin.,102,35,744,1413,2.5,1.53,4-6 7-5 5-7
Singapore Open,2025-01-28 00:00:00,Indoor,Hard,1st Round,3,Teichmann J.,Dart H.,Teichmann J.,128,98,558,755,1.67,2.2,6-3 6-1 
Singapore Open,2025-01-28 00:00:00,Indoor,Hard,1st Round,3,Townsend T.,Mertens E.,Mertens E.,82,32,843,1524,3.2,1.36,1-6 0-6 
Singapore Open,2025-01-28 00:00:00,Indoor,Hard,1st Round,3,Maria T.,Starodubtseva Y.,Maria T.,73,111,896,705,2.3,1.62,2-6 6-1 6-2
Singapore Open,2025-01-29 00:00:00,Indoor,Hard,2nd Round,3,Salkova D.,Osorio M.,Osorio M.,163,55,449,1061,2.5,1.53,6-3 2-6 4-6
Singapore Open,2025-01-29 00:00:00,Indoor,Hard,2nd Round,3,Sawangkaew M.,Bucsa C.,Sawangkaew M.,132,101,541,750,2.2,1.67,6-4 6-4 
Singapore Open,2025-01-29 00:00:00,Indoor,Hard,2nd Round,3,Waltert S.,Kalinskaya A.,Kalinskaya A.,179,18,410,2207,3.0,1.4,2-6 6-7 
Singapore Open,2025-01-29 00:00:00,Indoor,Hard,2nd Round,3,Li A.,Timofeeva M.,Li A.,85,254,834,286,1.53,2.5,6-3 6-2 
Singapore Open,2025-01-30 00:00:00,Indoor,Hard,2nd Round,3,Baptiste H.,Birrell K.,Birrell K.,93,95,800,780,1.8,2.0,7-6 3-6 5-7
Singapore Open,2025-01-30 00:00:00,Indoor,Hard,2nd Round,3,Mertens E.,Maria T.,Mertens E.,32,73,1524,896,1.22,4.33,6-7 6-3 6-1
Singapore Open,2025-01-30 00:00:00,Indoor,Hard,2nd Round,3,Joint M.,Wang Xin.,Wang Xin.,109,35,714,1413,1.91,1.91,4-6 2-6 
Singapore Open,2025-01-30 00:00:00,Indoor,Hard,2nd Round,3,Teichmann J.,Gadecki O.,Teichmann J.,128,107,558,725,1.57,2.38,6-4 6-4 
Singapore Open,2025-01-31 00:00:00,Indoor,Hard,Quarterfinals,3,Birrell K.,Li A.,Li A.,95,85,780,834,2.38,1.57,6-7 6-7 
Singapore Open,2025-01-31 00:00:00,Indoor,Hard,Quarterfinals,3,Kalinskaya A.,Sawangkaew M.,Kalinskaya A.,18,132,2207,541,1.36,3.2,6-3 4-6 6-0
Singapore Open,2025-01-31 00:00:00,Indoor,Hard,Quarterfinals,3,Teichmann J.,Wang Xin.,Wang Xin.,128,35,558,1413,3.0,1.4,7-6 6-7 4-6
Singapore Open,2025-01-31 00:00:00,Indoor,Hard,Quarterfinals,3,Mertens E.,Osorio M.,Mertens E.,32,55,1524,1061,1.4,3.0,6-4 6-2 
Singapore Open,2025-02-01 00:00:00,Indoor,Hard,Semifinals,3,Wang Xin.,Mertens E.,Mertens E.,35,32,1413,1524,2.75,1.44,3-6 4-6 
Singapore Open,2025-02-02 00:00:00,Indoor,Hard,The Final,3,Mertens E.,Li A.,Mertens E.,32,85,1524,834,1.44,2.75,6-1 6-4 
Abu Dhabi WTA Women's Tennis Open,2025-02-03 00:00:00,Outdoor,Hard,1st Round,3,Yuan Y.,Sonobe W.,Sonobe W.,54,834,1086,30,1.57,2.38,4-6 3-6 
Abu Dhabi WTA Women's Tennis Open,2025-02-03 00:00:00,Outdoor,Hard,1st Round,3,Krueger A.,Kessler M.,Krueger A.,50,52,1141,1116,2.2,1.67,6-3 6-7 6-3
Abu Dhabi WTA Women's Tennis Open,2025-02-03 00:00:00,Outdoor,Hard,1st Round,3,Kartal S.,Volynets K.,Volynets K.,90,62,808,966,1.73,2.1,6-3 4-6 4-6
Abu Dhabi WTA Women's Tennis Open,2025-02-03 00:00:00,Outdoor,Hard,1st Round,3,Sun L.,Garcia C.,Sun L.,45,76,1223,884,2.5,1.53,6-1 6-3 
Abu Dhabi WTA Women's Tennis Open,2025-02-03 00:00:00,Outdoor,Hard,1st Round,3,Samsonova L.,Kudermetova V.,Kudermetova V.,21,51,2130,1118,1.73,2.1,7-5 1-6 6-7
Abu Dhabi WTA Women's Tennis Open,2025-02-04 00:00:00,Outdoor,Hard,1st Round,3,Fernandez L.A.,Uchijima M.,Fernandez L.A.,27,60,1815,983,1.17,5.0,7-6 7-6 
Abu Dhabi WTA Women's Tennis Open,2025-02-04 00:00:00,Outdoor,Hard,1st Round,3,Frech M.,Noskova L.,Noskova L.,28,38,1800,1358,2.1,1.73,0-6 3-6 
Abu Dhabi WTA Women's Tennis Open,2025-02-04 00:00:00,Outdoor,Hard,1st Round,3,Linette M.,Zarazua R.,Linette M.,37,65,1376,950,2.1,1.73,6-4 7-6 
Abu Dhabi WTA Women's Tennis Open,2025-02-04 00:00:00,Outdoor,Hard,1st Round,3,Sramkova R.,Bencic B.,Bencic B.,44,157,1226,463,4.5,1.2,2-6 6-3 1-6
Abu Dhabi WTA Women's Tennis Open,2025-02-04 00:00:00,Outdoor,Hard,1st Round,3,Pavlyuchenkova A.,Kenin S.,Pavlyuchenkova A.,23,74,2035,892,1.62,2.3,6-3 6-1 
Abu Dhabi WTA Women's Tennis Open,2025-02-04 00:00:00,Outdoor,Hard,1st Round,3,Raducanu E.,Vondrousova M.,Vondrousova M.,56,36,1055,1393,2.1,1.73,3-6 4-6 
Abu Dhabi WTA Women's Tennis Open,2025-02-04 00:00:00,Outdoor,Hard,1st Round,3,Jabeur O.,Ostapenko J.,Jabeur O.,34,26,1454,1921,1.5,2.63,7-6 7-5 
Abu Dhabi WTA Women's Tennis Open,2025-02-05 00:00:00,Outdoor,Hard,2nd Round,3,Kudermetova V.,Bencic B.,Bencic B.,51,157,1118,463,2.38,1.57,0-6 0-6 
Abu Dhabi WTA Women's Tennis Open,2025-02-05 00:00:00,Outdoor,Hard,2nd Round,3,Vondrousova M.,Putintseva Y.,Vondrousova M.,36,20,1393,2137,2.0,1.8,6-2 6-3 
Abu Dhabi WTA Women's Tennis Open,2025-02-05 00:00:00,Outdoor,Hard,2nd Round,3,Volynets K.,Rybakina E.,Rybakina E.,62,5,966,4893,8.0,1.08,6-2 4-6 4-6
Abu Dhabi WTA Women's Tennis Open,2025-02-05 00:00:00,Outdoor,Hard,2nd Round,3,Fernandez L.A.,Sun L.,Fernandez L.A.,27,45,1815,1223,1.33,3.4,6-0 6-3 
Abu Dhabi WTA Women's Tennis Open,2025-02-05 00:00:00,Outdoor,Hard,2nd Round,3,Kasatkina D.,Krueger A.,Krueger A.,11,50,3321,1141,1.57,2.38,6-1 5-7 4-6
Abu Dhabi WTA Women's Tennis Open,2025-02-05 00:00:00,Outdoor,Hard,2nd Round,3,Jabeur O.,Sonobe W.,Jabeur O.,34,834,1454,30,1.29,3.75,6-3 6-3 
Abu Dhabi WTA Women's Tennis Open,2025-02-05 00:00:00,Outdoor,Hard,2nd Round,3,Badosa P.,Noskova L.,Noskova L.,10,38,3608,1358,1.54,2.37,4-6 1-6 
Abu Dhabi WTA Women's Tennis Open,2025-02-06 00:00:00,Outdoor,Hard,Quarterfinals,3,Bencic B.,Vondrousova M.,Bencic B.,157,36,463,1393,1.5,2.5,7-5 6-3 
Abu Dhabi WTA Women's Tennis Open,2025-02-06 00:00:00,Outdoor,Hard,Quarterfinals,3,Fernandez L.A.,Krueger A.,Krueger A.,27,50,1815,1141,1.62,2.3,5-7 6-4 2-6
Abu Dhabi WTA Women's Tennis Open,2025-02-06 00:00:00,Outdoor,Hard,Quarterfinals,3,Rybakina E.,Jabeur O.,Rybakina E.,5,34,4893,1454,1.44,2.75,6-2 4-6 7-6
Abu Dhabi WTA Women's Tennis Open,2025-02-06 00:00:00,Outdoor,Hard,Quarterfinals,3,Linette M.,Noskova L.,Noskova L.,37,38,1376,1358,3.75,1.29,4-6 3-6 
Abu Dhabi WTA Women's Tennis Open,2025-02-07 00:00:00,Outdoor,Hard,Semifinals,3,Krueger A.,Noskova L.,Krueger A.,50,38,1141,1358,2.5,1.53,7-6 6-4 
Abu Dhabi WTA Women's Tennis Open,2025-02-07 00:00:00,Outdoor,Hard,Semifinals,3,Rybakina E.,Bencic B.,Bencic B.,5,157,4893,463,1.62,2.3,6-3 3-6 4-6
Abu Dhabi WTA Women's Tennis Open,2025-02-08 00:00:00,Outdoor,Hard,The Final,3,Bencic B.,Krueger A.,Bencic B.,157,50,463,1141,1.44,2.75,4-6 6-1 6-1
Transylvania Open,2025-02-03 00:00:00,Indoor,Hard,1st Round,3,Sherif M.,Tomova V.,Tomova V.,63,64,955,953,2.3,1.62,6-3 4-6 1-6
Transylvania Open,2025-02-03 00:00:00,Indoor,Hard,1st Round,3,Lamens S.,Bondar A.,Lamens S.,67,92,943,801,1.73,2.1,7-6 7-6 
Transylvania Open,2025-02-03 00:00:00,Indoor,Hard,1st Round,3,Snigur D.,Dolehide C.,Dolehide C.,136,81,527,844,1.62,2.3,5-7 6-2 4-6
Transylvania Open,2025-02-03 00:00:00,Indoor,Hard,1st Round,3,Kalinina A.,Ruse E.G.,Kalinina A.,48,113,1171,690,2.0,1.8,6-2 6-3 
Transylvania Open,2025-02-03 00:00:00,Indoor,Hard,1st Round,3,Cirstea S.,Stakusic M.,Stakusic M.,70,118,913,600,1.8,2.0,1-6 6-1 4-6
Transylvania Open,2025-02-04 00:00:00,Indoor,Hard,1st Round,3,Potapova A.,Grabher J.,Potapova A.,33,393,1494,152,1.04,13.0,6-4 6-0 
Transylvania Open,2025-02-04 00:00:00,Indoor,Hard,1st Round,3,Rus A.,Golubic V.,Golubic V.,88,110,814,707,3.0,1.4,5-7 6-4 6-7
Transylvania Open,2025-02-04 00:00:00,Indoor,Hard,1st Round,3,Danilovic O.,Parks A.,Danilovic O.,41,89,1275,809,1.62,2.3,6-3 6-3 
Transylvania Open,2025-02-04 00:00:00,Indoor,Hard,1st Round,3,Bouzas Maneiro J.,Sasnovich A.,Sasnovich A.,57,149,1052,487,1.8,2.0,7-6 5-7 4-6
Transylvania Open,2025-02-04 00:00:00,Indoor,Hard,1st Round,3,Cocciaretto E.,Begu I.,Cocciaretto E.,59,78,988,876,1.73,2.1,6-3 7-5 
Transylvania Open,2025-02-04 00:00:00,Indoor,Hard,1st Round,3,Sorribes Tormo S.,Blinkova A.,Blinkova A.,99,83,754,838,2.2,1.67,2-6 2-6 
Transylvania Open,2025-02-04 00:00:00,Indoor,Hard,1st Round,3,Bogdan A.,Burrage J.,Bogdan A.,119,150,597,485,1.62,2.3,6-2 6-3 
Transylvania Open,2025-02-04 00:00:00,Indoor,Hard,1st Round,3,Gracheva V.,Stearns P.,Stearns P.,69,46,925,1198,2.75,1.44,6-2 2-6 2-6
Transylvania Open,2025-02-04 00:00:00,Indoor,Hard,1st Round,3,Bronzetti L.,Halep S.,Bronzetti L.,66,868,945,27,1.8,2.0,6-1 6-1 
Transylvania Open,2025-02-05 00:00:00,Indoor,Hard,1st Round,3,Jones F.,Siniakova K.,Siniakova K.,154,53,474,1092,3.2,1.36,4-6 7-6 4-6
Transylvania Open,2025-02-05 00:00:00,Indoor,Hard,1st Round,3,Seidel E.,Cristian J.,Seidel E.,145,61,505,967,2.1,1.73,6-4 6-2 
Transylvania Open,2025-02-05 00:00:00,Indoor,Hard,2nd Round,3,Lamens S.,Kalinina A.,Kalinina A.,67,48,943,1171,2.75,1.44,6-1 4-6 4-6
Transylvania Open,2025-02-05 00:00:00,Indoor,Hard,2nd Round,3,Sasnovich A.,Stakusic M.,Sasnovich A.,149,118,487,600,1.77,2.0,6-3 7-5 
Transylvania Open,2025-02-05 00:00:00,Indoor,Hard,2nd Round,3,Danilovic O.,Tomova V.,Tomova V.,41,64,1275,953,1.3,3.5,5-7 5-7 
Transylvania Open,2025-02-06 00:00:00,Indoor,Hard,2nd Round,3,Siniakova K.,Dolehide C.,Siniakova K.,53,81,1092,844,1.5,2.63,2-6 6-1 6-4
Transylvania Open,2025-02-06 00:00:00,Indoor,Hard,2nd Round,3,Golubic V.,Potapova A.,Potapova A.,110,33,707,1494,2.75,1.44,4-6 5-7 
Transylvania Open,2025-02-06 00:00:00,Indoor,Hard,2nd Round,3,Seidel E.,Blinkova A.,Seidel E.,145,83,505,838,2.38,1.57,6-2 7-6 
Transylvania Open,2025-02-06 00:00:00,Indoor,Hard,2nd Round,3,Stearns P.,Bronzetti L.,Bronzetti L.,46,66,1198,945,1.57,2.38,2-6 6-7 
Transylvania Open,2025-02-06 00:00:00,Indoor,Hard,2nd Round,3,Cocciaretto E.,Bogdan A.,Cocciaretto E.,59,119,988,597,2.2,1.67,6-3 6-0 
Transylvania Open,2025-02-07 00:00:00,Indoor,Hard,Quarterfinals,3,Kalinina A.,Sasnovich A.,Sasnovich A.,48,149,1171,487,1.62,2.3,6-2 4-6 6-7
Transylvania Open,2025-02-07 00:00:00,Indoor,Hard,Quarterfinals,3,Siniakova K.,Tomova V.,Siniakova K.,53,64,1092,953,1.4,3.0,6-3 7-6 
Transylvania Open,2025-02-07 00:00:00,Indoor,Hard,Quarterfinals,3,Seidel E.,Potapova A.,Potapova A.,145,33,505,1494,2.5,1.53,2-6 3-6 
Transylvania Open,2025-02-07 00:00:00,Indoor,Hard,Quarterfinals,3,Bronzetti L.,Cocciaretto E.,Bronzetti L.,66,59,945,988,1.73,2.1,6-1 6-4 
Transylvania Open,2025-02-08 00:00:00,Indoor,Hard,Semifinals,3,Sasnovich A.,Potapova A.,Potapova A.,149,33,487,1494,3.0,1.4,3-6 5-7 
Transylvania Open,2025-02-09 00:00:00,Indoor,Hard,The Final,3,Potapova A.,Bronzetti L.,Potapova A.,33,66,1494,945,1.53,2.5,4-6 6-1 6-2
Qatar Open,2025-02-09 00:00:00,Outdoor,Hard,1st Round,3,Kalinskaya A.,Bucsa C.,Bucsa C.,18,116,2304,659,1.44,2.75,7-6 5-7 4-6
Qatar Open,2025-02-09 00:00:00,Outdoor,Hard,1st Round,3,Parks A.,Shnaider D.,Parks A.,90,13,809,2873,3.4,1.33,6-4 7-6 
Qatar Open,2025-02-09 00:00:00,Outdoor,Hard,1st Round,3,Yuan Y.,Garcia C.,Garcia C.,51,76,1146,884,1.73,2.1,1-6 6-7 
Qatar Open,2025-02-09 00:00:00,Outdoor,Hard,1st Round,3,Fernandez L.A.,Minnen G.,Fernandez L.A.,27,88,1869,823,1.29,3.75,6-1 6-2 
Qatar Open,2025-02-09 00:00:00,Outdoor,Hard,1st Round,3,Sonmez Z.,Kostyuk M.,Kostyuk M.,94,21,789,2064,3.5,1.3,3-6 3-6 
Qatar Open,2025-02-09 00:00:00,Outdoor,Hard,1st Round,3,Samsonova L.,Sun L.,Samsonova L.,23,43,1945,1282,1.22,4.0,6-3 6-3 
Qatar Open,2025-02-09 00:00:00,Outdoor,Hard,1st Round,3,Volynets K.,Andreeva M.,Andreeva M.,64,15,968,2665,3.5,1.3,6-4 6-7 4-6
Qatar Open,2025-02-09 00:00:00,Outdoor,Hard,1st Round,3,Avanesyan E.,Wang Xin.,Avanesyan E.,48,38,1190,1413,1.8,2.0,7-6 1-6 7-6
Qatar Open,2025-02-09 00:00:00,Outdoor,Hard,1st Round,3,Haddad Maia B.,Frech M.,Frech M.,16,28,2369,1800,1.67,2.2,4-6 6-3 2-6
Qatar Open,2025-02-09 00:00:00,Outdoor,Hard,1st Round,3,Alexandrova E.,Raducanu E.,Alexandrova E.,26,60,1888,997,1.73,2.1,6-3 7-5 
Qatar Open,2025-02-09 00:00:00,Outdoor,Hard,1st Round,3,Azarenka V.,Anisimova A.,Anisimova A.,30,41,1762,1316,2.1,1.73,3-6 5-7 
Qatar Open,2025-02-10 00:00:00,Outdoor,Hard,1st Round,3,Noskova L.,Vekic D.,Noskova L.,33,19,1528,2273,1.53,2.5,6-2 6-4 
Qatar Open,2025-02-10 00:00:00,Outdoor,Hard,1st Round,3,Kalinina A.,Sramkova R.,Sramkova R.,50,46,1165,1236,2.0,1.8,2-6 3-6 
Qatar Open,2025-02-10 00:00:00,Outdoor,Hard,1st Round,3,Kenin S.,Krueger A.,Kenin S.,73,40,903,1381,2.1,1.73,6-4 6-4 
Qatar Open,2025-02-10 00:00:00,Outdoor,Hard,1st Round,3,Uchijima M.,Putintseva Y.,Putintseva Y.,63,20,969,2093,4.5,1.2,2-6 7-6 3-6
Qatar Open,2025-02-10 00:00:00,Outdoor,Hard,1st Round,3,Ostapenko J.,Ito A.,Ostapenko J.,37,120,1422,636,1.44,2.75,6-2 6-1 
Qatar Open,2025-02-10 00:00:00,Outdoor,Hard,1st Round,3,Kudermetova P.,Kasatkina D.,Kasatkina D.,59,12,999,3056,3.5,1.3,0-6 0-6 
Qatar Open,2025-02-10 00:00:00,Outdoor,Hard,1st Round,3,Linette M.,Kudermetova V.,Linette M.,36,52,1424,1131,2.63,1.5,3-6 6-0 6-4
Qatar Open,2025-02-10 00:00:00,Outdoor,Hard,1st Round,3,Yastremska D.,Stearns P.,Stearns P.,49,47,1169,1201,1.73,2.1,5-7 3-6 
Qatar Open,2025-02-10 00:00:00,Outdoor,Hard,1st Round,3,Svitolina E.,Vondrousova M.,Svitolina E.,22,34,1970,1501,2.1,1.73,0-6 6-2 7-5
Qatar Open,2025-02-10 00:00:00,Outdoor,Hard,1st Round,3,Kessler M.,Jabeur O.,Jabeur O.,55,35,1066,1454,2.75,1.44,2-6 0-6 
Qatar Open,2025-02-10 00:00:00,Outdoor,Hard,1st Round,3,Badosa P.,Zarazua R.,Badosa P.,10,68,3588,954,1.17,5.0,6-3 4-6 6-2
Qatar Open,2025-02-10 00:00:00,Outdoor,Hard,2nd Round,3,Sakkari M.,Swiatek I.,Swiatek I.,29,2,1774,8770,13.0,1.04,3-6 2-6 
Qatar Open,2025-02-10 00:00:00,Outdoor,Hard,2nd Round,3,Fernandez L.A.,Navarro E.,Fernandez L.A.,27,9,1869,3709,2.0,1.8,6-2 6-2 
Qatar Open,2025-02-11 00:00:00,Outdoor,Hard,2nd Round,3,Garcia C.,Paolini J.,Paolini J.,76,4,884,5288,2.75,1.44,3-6 4-6 
Qatar Open,2025-02-11 00:00:00,Outdoor,Hard,2nd Round,3,Kenin S.,Parks A.,Kenin S.,73,90,903,809,1.53,2.5,7-6 3-6 6-2
Qatar Open,2025-02-11 00:00:00,Outdoor,Hard,2nd Round,3,Bucsa C.,Mertens E.,Mertens E.,116,32,659,1666,5.0,1.17,2-6 3-6 
Qatar Open,2025-02-11 00:00:00,Outdoor,Hard,2nd Round,3,Noskova L.,Putintseva Y.,Noskova L.,33,20,1528,2093,1.57,2.38,6-2 6-3 
Qatar Open,2025-02-11 00:00:00,Outdoor,Hard,2nd Round,3,Samsonova L.,Ostapenko J.,Ostapenko J.,23,37,1945,1422,1.91,1.91,6-7 5-7 
Qatar Open,2025-02-11 00:00:00,Outdoor,Hard,2nd Round,3,Kostyuk M.,Gauff C.,Kostyuk M.,21,3,2064,6538,4.5,1.2,6-2 7-5 
Qatar Open,2025-02-11 00:00:00,Outdoor,Hard,2nd Round,3,Stearns P.,Rybakina E.,Rybakina E.,47,7,1201,4588,4.5,1.2,2-6 4-6 
Qatar Open,2025-02-11 00:00:00,Outdoor,Hard,2nd Round,3,Sramkova R.,Andreeva M.,Sramkova R.,46,15,1236,2665,4.33,1.22,3-6 6-3 7-5
Qatar Open,2025-02-11 00:00:00,Outdoor,Hard,2nd Round,3,Svitolina E.,Pegula J.,Pegula J.,22,5,1970,4861,2.3,1.62,3-6 6-7 
Qatar Open,2025-02-11 00:00:00,Outdoor,Hard,2nd Round,3,Jabeur O.,Zheng Q.,Jabeur O.,35,8,1454,4095,2.38,1.57,6-4 6-2 
Qatar Open,2025-02-11 00:00:00,Outdoor,Hard,2nd Round,3,Sabalenka A.,Alexandrova E.,Alexandrova E.,1,26,8956,1888,1.17,5.0,6-3 3-6 6-7
Qatar Open,2025-02-11 00:00:00,Outdoor,Hard,2nd Round,3,Kasatkina D.,Avanesyan E.,Kasatkina D.,12,48,3056,1190,1.4,3.0,6-2 6-3 
Qatar Open,2025-02-11 00:00:00,Outdoor,Hard,2nd Round,3,Frech M.,Linette M.,Linette M.,28,36,1800,1424,1.8,2.0,5-7 7-5 4-6
Qatar Open,2025-02-11 00:00:00,Outdoor,Hard,2nd Round,3,Anisimova A.,Badosa P.,Anisimova A.,41,10,1316,3588,2.5,1.53,6-4 6-3 
Qatar Open,2025-02-12 00:00:00,Outdoor,Hard,3rd Round,3,Sramkova R.,Rybakina E.,Rybakina E.,46,7,1236,4588,5.0,1.17,6-7 2-6 
Qatar Open,2025-02-12 00:00:00,Outdoor,Hard,3rd Round,3,Ostapenko J.,Paolini J.,Ostapenko J.,37,4,1422,5288,2.3,1.62,6-2 6-2 
Qatar Open,2025-02-12 00:00:00,Outdoor,Hard,3rd Round,3,Kasatkina D.,Pegula J.,Pegula J.,12,5,3056,4861,2.5,1.53,3-6 5-7 
Qatar Open,2025-02-12 00:00:00,Outdoor,Hard,3rd Round,3,Kostyuk M.,Linette M.,Kostyuk M.,21,36,2064,1424,1.33,3.4,6-4 6-2 
Qatar Open,2025-02-12 00:00:00,Outdoor,Hard,3rd Round,3,Noskova L.,Swiatek I.,Swiatek I.,33,2,1528,8770,4.5,1.2,7-6 4-6 4-6
Qatar Open,2025-02-12 00:00:00,Outdoor,Hard,3rd Round,3,Alexandrova E.,Mertens E.,Alexandrova E.,26,32,1888,1666,2.3,1.62,6-4 6-2 
Qatar Open,2025-02-12 00:00:00,Outdoor,Hard,3rd Round,3,Kenin S.,Jabeur O.,Jabeur O.,73,35,903,1454,3.5,1.3,3-6 4-6 
Qatar Open,2025-02-12 00:00:00,Outdoor,Hard,3rd Round,3,Anisimova A.,Fernandez L.A.,Anisimova A.,41,27,1316,1869,1.91,1.91,6-3 6-0 
Qatar Open,2025-02-13 00:00:00,Outdoor,Hard,Quarterfinals,3,Pegula J.,Alexandrova E.,Alexandrova E.,5,26,4861,1888,1.62,2.3,6-4 1-6 1-6
Qatar Open,2025-02-13 00:00:00,Outdoor,Hard,Quarterfinals,3,Swiatek I.,Rybakina E.,Swiatek I.,2,7,8770,4588,1.53,2.5,6-2 7-5 
Qatar Open,2025-02-13 00:00:00,Outdoor,Hard,Quarterfinals,3,Jabeur O.,Ostapenko J.,Ostapenko J.,35,37,1454,1422,1.62,2.3,2-6 2-6 
Qatar Open,2025-02-13 00:00:00,Outdoor,Hard,Quarterfinals,3,Anisimova A.,Kostyuk M.,Anisimova A.,41,21,1316,2064,1.62,2.3,4-6 7-5 6-4
Qatar Open,2025-02-14 00:00:00,Outdoor,Hard,Semifinals,3,Swiatek I.,Ostapenko J.,Ostapenko J.,2,37,8770,1422,1.36,3.2,3-6 1-6 
Qatar Open,2025-02-14 00:00:00,Outdoor,Hard,Semifinals,3,Anisimova A.,Alexandrova E.,Anisimova A.,41,26,1316,1888,2.1,1.73,6-3 6-3 
Qatar Open,2025-02-15 00:00:00,Outdoor,Hard,The Final,3,Ostapenko J.,Anisimova A.,Anisimova A.,37,41,1422,1316,1.67,2.2,4-6 3-6 
Dubai Duty Free Tennis Championships,2025-02-16 00:00:00,Outdoor,Hard,1st Round,3,Parks A.,Wang Xin.,Parks A.,74,41,902,1373,2.1,1.73,6-3 6-3 
Dubai Duty Free Tennis Championships,2025-02-16 00:00:00,Outdoor,Hard,1st Round,3,Sun L.,Badosa P.,Badosa P.,45,10,1242,3588,5.0,1.17,3-6 4-6 
Dubai Duty Free Tennis Championships,2025-02-16 00:00:00,Outdoor,Hard,1st Round,3,Mertens E.,Fernandez L.A.,Mertens E.,31,30,1721,1774,2.2,1.67,6-2 6-2 
Dubai Duty Free Tennis Championships,2025-02-16 00:00:00,Outdoor,Hard,1st Round,3,Linette M.,Yastremska D.,Yastremska D.,37,48,1479,1169,2.1,1.73,3-6 5-7 
Dubai Duty Free Tennis Championships,2025-02-16 00:00:00,Outdoor,Hard,1st Round,3,Kenin S.,Vekic D.,Kenin S.,56,20,1013,2273,1.87,1.87,7-5 6-3 
Dubai Duty Free Tennis Championships,2025-02-16 00:00:00,Outdoor,Hard,1st Round,3,Putintseva Y.,Noskova L.,Noskova L.,23,35,2148,1528,3.0,1.37,2-6 6-7 
Dubai Duty Free Tennis Championships,2025-02-16 00:00:00,Outdoor,Hard,1st Round,3,Bencic B.,Ito A.,Bencic B.,66,116,963,657,1.13,6.0,6-0 6-2 
Dubai Duty Free Tennis Championships,2025-02-16 00:00:00,Outdoor,Hard,1st Round,3,Pavlyuchenkova A.,Samsonova L.,Samsonova L.,36,25,1510,2000,1.8,2.0,2-6 2-6 
Dubai Duty Free Tennis Championships,2025-02-16 00:00:00,Outdoor,Hard,1st Round,3,Vondrousova M.,Garcia C.,Vondrousova M.,39,70,1391,939,1.3,3.5,6-2 6-2 
Dubai Duty Free Tennis Championships,2025-02-16 00:00:00,Outdoor,Hard,1st Round,3,Lamens S.,Muchova K.,Muchova K.,67,17,962,2344,4.5,1.2,2-6 2-6 
Dubai Duty Free Tennis Championships,2025-02-16 00:00:00,Outdoor,Hard,1st Round,3,Svitolina E.,Kalinskaya A.,Svitolina E.,24,19,2035,2304,1.44,2.75,6-1 6-2 
Dubai Duty Free Tennis Championships,2025-02-16 00:00:00,Outdoor,Hard,1st Round,3,Sakkari M.,Raducanu E.,Raducanu E.,29,61,1829,997,2.2,1.67,4-6 2-6 
Dubai Duty Free Tennis Championships,2025-02-17 00:00:00,Outdoor,Hard,1st Round,3,Potapova A.,Haddad Maia B.,Potapova A.,33,16,1619,2369,1.62,2.3,6-3 6-0 
Dubai Duty Free Tennis Championships,2025-02-17 00:00:00,Outdoor,Hard,1st Round,3,Begu I.,Lys E.,Lys E.,78,87,877,807,2.63,1.5,7-5 5-7 3-6
Dubai Duty Free Tennis Championships,2025-02-17 00:00:00,Outdoor,Hard,1st Round,3,Shnaider D.,Frech M.,Shnaider D.,13,28,2853,1835,1.5,2.63,6-2 6-2 
Dubai Duty Free Tennis Championships,2025-02-17 00:00:00,Outdoor,Hard,1st Round,3,Kasatkina D.,Cirstea S.,Cirstea S.,11,89,3116,801,1.2,4.5,1-6 4-6 
Dubai Duty Free Tennis Championships,2025-02-17 00:00:00,Outdoor,Hard,1st Round,3,Kostyuk M.,Siniakova K.,Kostyuk M.,21,58,2214,1010,1.5,2.63,6-3 6-4 
Dubai Duty Free Tennis Championships,2025-02-17 00:00:00,Outdoor,Hard,1st Round,3,Sramkova R.,Tauson C.,Tauson C.,42,38,1355,1421,2.3,1.62,6-7 0-6 
Dubai Duty Free Tennis Championships,2025-02-17 00:00:00,Outdoor,Hard,1st Round,3,Azarenka V.,Kalinina A.,Azarenka V.,34,51,1557,1110,1.62,2.3,2-6 7-6 6-4
Dubai Duty Free Tennis Championships,2025-02-17 00:00:00,Outdoor,Hard,1st Round,3,Ostapenko J.,Uchijima M.,Uchijima M.,26,62,1952,997,1.2,4.5,3-6 3-6 
Dubai Duty Free Tennis Championships,2025-02-17 00:00:00,Outdoor,Hard,1st Round,3,Kessler M.,Anisimova A.,Kessler M.,53,18,1063,2316,3.2,1.36,6-2 6-3 
Dubai Duty Free Tennis Championships,2025-02-17 00:00:00,Outdoor,Hard,1st Round,3,Alexandrova E.,Kudermetova V.,Kudermetova V.,22,50,2158,1131,1.53,2.5,6-3 4-6 3-6
Dubai Duty Free Tennis Championships,2025-02-17 00:00:00,Outdoor,Hard,1st Round,3,Stearns P.,Jabeur O.,Stearns P.,46,32,1236,1659,3.0,1.4,7-6 6-4 
Dubai Duty Free Tennis Championships,2025-02-17 00:00:00,Outdoor,Hard,1st Round,3,Avanesyan E.,Andreeva M.,Andreeva M.,44,14,1245,2730,3.4,1.33,2-6 1-6 
Dubai Duty Free Tennis Championships,2025-02-18 00:00:00,Outdoor,Hard,2nd Round,3,Paolini J.,Lys E.,Paolini J.,4,87,5398,807,1.29,3.75,6-2 7-5 
Dubai Duty Free Tennis Championships,2025-02-18 00:00:00,Outdoor,Hard,2nd Round,3,Mertens E.,Badosa P.,Badosa P.,31,10,1721,3588,2.1,1.73,2-6 1-6 
Dubai Duty Free Tennis Championships,2025-02-18 00:00:00,Outdoor,Hard,2nd Round,3,Rybakina E.,Uchijima M.,Rybakina E.,7,62,4153,997,1.08,8.0,6-3 6-2 
Dubai Duty Free Tennis Championships,2025-02-18 00:00:00,Outdoor,Hard,2nd Round,3,Shnaider D.,Noskova L.,Noskova L.,13,35,2853,1528,2.63,1.5,6-7 6-4 3-6
Dubai Duty Free Tennis Championships,2025-02-18 00:00:00,Outdoor,Hard,2nd Round,3,Kenin S.,Kostyuk M.,Kenin S.,56,21,1013,2214,2.5,1.53,5-7 7-6 7-6
Dubai Duty Free Tennis Championships,2025-02-18 00:00:00,Outdoor,Hard,2nd Round,3,Samsonova L.,Pegula J.,Pegula J.,25,5,2000,5076,2.75,1.44,0-6 4-6 
Dubai Duty Free Tennis Championships,2025-02-18 00:00:00,Outdoor,Hard,2nd Round,3,Swiatek I.,Azarenka V.,Swiatek I.,2,34,8160,1557,1.05,11.0,6-0 6-2 
Dubai Duty Free Tennis Championships,2025-02-18 00:00:00,Outdoor,Hard,2nd Round,3,Potapova A.,Yastremska D.,Yastremska D.,33,48,1619,1169,1.53,2.5,2-6 3-6 
Dubai Duty Free Tennis Championships,2025-02-18 00:00:00,Outdoor,Hard,2nd Round,3,Kessler M.,Gauff C.,Kessler M.,53,3,1063,6538,4.5,1.2,6-4 7-5 
Dubai Duty Free Tennis Championships,2025-02-18 00:00:00,Outdoor,Hard,2nd Round,3,Kudermetova V.,Sabalenka A.,Sabalenka A.,50,1,1131,8966,5.5,1.14,3-6 4-6 
Dubai Duty Free Tennis Championships,2025-02-18 00:00:00,Outdoor,Hard,2nd Round,3,Muchova K.,Raducanu E.,Muchova K.,17,61,2344,997,1.36,3.2,7-6 6-4 
Dubai Duty Free Tennis Championships,2025-02-18 00:00:00,Outdoor,Hard,2nd Round,3,Svitolina E.,Tauson C.,Tauson C.,24,38,2035,1421,1.57,2.38,6-7 6-3 6-7
Dubai Duty Free Tennis Championships,2025-02-19 00:00:00,Outdoor,Hard,2nd Round,3,Navarro E.,Bencic B.,Navarro E.,9,66,3649,963,3.2,1.36,7-6 2-6 6-3
Dubai Duty Free Tennis Championships,2025-02-19 00:00:00,Outdoor,Hard,2nd Round,3,Parks A.,Cirstea S.,Cirstea S.,74,89,902,801,1.8,2.0,6-3 4-6 1-6
Dubai Duty Free Tennis Championships,2025-02-19 00:00:00,Outdoor,Hard,2nd Round,3,Andreeva M.,Vondrousova M.,Andreeva M.,14,39,2730,1391,1.67,2.2,7-5 6-0 
Dubai Duty Free Tennis Championships,2025-02-19 00:00:00,Outdoor,Hard,2nd Round,3,Zheng Q.,Stearns P.,Stearns P.,8,46,3985,1236,1.4,3.0,6-3 4-6 4-6
Dubai Duty Free Tennis Championships,2025-02-19 00:00:00,Outdoor,Hard,3rd Round,3,Kenin S.,Paolini J.,Kenin S.,56,4,1013,5398,2.75,1.44,6-4 6-0 
Dubai Duty Free Tennis Championships,2025-02-19 00:00:00,Outdoor,Hard,3rd Round,3,Pegula J.,Noskova L.,Noskova L.,5,35,5076,1528,1.73,2.1,3-6 6-7 
Dubai Duty Free Tennis Championships,2025-02-19 00:00:00,Outdoor,Hard,3rd Round,3,Rybakina E.,Badosa P.,Rybakina E.,7,10,4153,3588,1.57,2.38,4-6 7-6 7-6
Dubai Duty Free Tennis Championships,2025-02-19 00:00:00,Outdoor,Hard,3rd Round,3,Yastremska D.,Swiatek I.,Swiatek I.,48,2,1169,8160,6.5,1.11,5-7 0-6 
Dubai Duty Free Tennis Championships,2025-02-19 00:00:00,Outdoor,Hard,3rd Round,3,Andreeva M.,Stearns P.,Andreeva M.,14,46,2730,1236,1.33,3.4,6-1 6-1 
Dubai Duty Free Tennis Championships,2025-02-19 00:00:00,Outdoor,Hard,3rd Round,3,Kessler M.,Muchova K.,Muchova K.,53,17,1063,2344,3.0,1.4,3-6 6-1 6-7
Dubai Duty Free Tennis Championships,2025-02-19 00:00:00,Outdoor,Hard,3rd Round,3,Tauson C.,Sabalenka A.,Tauson C.,38,1,1421,8966,5.0,1.17,6-3 6-2 
Dubai Duty Free Tennis Championships,2025-02-19 00:00:00,Outdoor,Hard,3rd Round,3,Navarro E.,Cirstea S.,Cirstea S.,9,89,3649,801,1.36,3.2,6-7 6-3 5-7
Dubai Duty Free Tennis Championships,2025-02-20 00:00:00,Outdoor,Hard,Quarterfinals,3,Andreeva M.,Swiatek I.,Andreeva M.,14,2,2730,8160,3.0,1.4,6-3 6-3 
Dubai Duty Free Tennis Championships,2025-02-20 00:00:00,Outdoor,Hard,Quarterfinals,3,Noskova L.,Tauson C.,Tauson C.,35,38,1528,1421,1.62,2.3,6-7 4-6 
Dubai Duty Free Tennis Championships,2025-02-20 00:00:00,Outdoor,Hard,Quarterfinals,3,Rybakina E.,Kenin S.,Rybakina E.,7,56,4153,1013,1.4,3.0,6-2 7-6 
Dubai Duty Free Tennis Championships,2025-02-20 00:00:00,Outdoor,Hard,Quarterfinals,3,Cirstea S.,Muchova K.,Muchova K.,89,17,801,2344,3.5,1.3,2-6 5-7 
Dubai Duty Free Tennis Championships,2025-02-21 00:00:00,Outdoor,Hard,Semifinals,3,Andreeva M.,Rybakina E.,Andreeva M.,14,7,2730,4153,2.0,1.8,6-4 4-6 6-3
Dubai Duty Free Tennis Championships,2025-02-21 00:00:00,Outdoor,Hard,Semifinals,3,Muchova K.,Tauson C.,Tauson C.,17,38,2344,1421,1.67,2.2,4-6 7-6 3-6
Dubai Duty Free Tennis Championships,2025-02-22 00:00:00,Outdoor,Hard,The Final,3,Andreeva M.,Tauson C.,Andreeva M.,14,38,2730,1421,1.62,2.3,7-6 6-1 
ATX Open,2025-02-24 00:00:00,Outdoor,Hard,1st Round,3,Volynets K.,Tomljanovic A.,Tomljanovic A.,63,111,988,667,1.57,2.38,6-7 5-7 
ATX Open,2025-02-24 00:00:00,Outdoor,Hard,1st Round,3,Parrizas Diaz N.,Rapolu M.,Parrizas Diaz N.,107,542,691,85,1.3,3.5,6-2 6-4 
ATX Open,2025-02-25 00:00:00,Outdoor,Hard,1st Round,3,Yuan Y.,Birrell K.,Birrell K.,51,76,1146,892,1.8,2.0,6-7 6-7 
ATX Open,2025-02-25 00:00:00,Outdoor,Hard,1st Round,3,Blinkova A.,Uchijima M.,Blinkova A.,74,54,916,1081,1.8,2.0,4-6 6-4 6-0
ATX Open,2025-02-25 00:00:00,Outdoor,Hard,1st Round,3,Bondar A.,Maria T.,Maria T.,95,79,744,861,2.1,1.73,4-6 6-4 1-6
ATX Open,2025-02-25 00:00:00,Outdoor,Hard,1st Round,3,Shibahara E.,Juvan K.,Shibahara E.,148,1106,490,12,2.0,1.8,2-6 6-3 6-2
ATX Open,2025-02-25 00:00:00,Outdoor,Hard,1st Round,3,Pera B.,Bucsa C.,Bucsa C.,78,99,867,724,2.0,1.8,3-6 4-6 
ATX Open,2025-02-25 00:00:00,Outdoor,Hard,1st Round,3,Dolehide C.,Zakharova A.,Dolehide C.,80,132,855,559,1.73,2.1,6-2 5-7 6-4
ATX Open,2025-02-25 00:00:00,Outdoor,Hard,1st Round,3,Stearns P.,Gracheva V.,Gracheva V.,43,72,1291,935,1.4,3.0,2-6 3-6 
ATX Open,2025-02-25 00:00:00,Outdoor,Hard,1st Round,3,Minnen G.,Wei S.,Minnen G.,92,119,758,629,1.8,2.0,5-7 6-3 6-2
ATX Open,2025-02-26 00:00:00,Outdoor,Hard,1st Round,3,Prozorova T.,Shnaider D.,Shnaider D.,175,13,398,2908,2.75,1.44,6-0 2-6 5-7
ATX Open,2025-02-26 00:00:00,Outdoor,Hard,1st Round,3,Cirstea S.,Siegemund L.,Cirstea S.,120,83,626,846,1.5,2.63,6-3 0-6 6-1
ATX Open,2025-02-26 00:00:00,Outdoor,Hard,1st Round,3,Rakhimova K.,Lamens S.,Lamens S.,73,67,922,963,2.3,1.62,6-1 3-6 4-6
ATX Open,2025-02-26 00:00:00,Outdoor,Hard,1st Round,3,Kessler M.,Golubic V.,Kessler M.,56,104,1060,719,1.3,3.5,6-2 7-5 
ATX Open,2025-02-26 00:00:00,Outdoor,Hard,2nd Round,3,Maria T.,Blinkova A.,Blinkova A.,79,74,861,916,2.75,1.44,2-6 2-6 
ATX Open,2025-02-26 00:00:00,Outdoor,Hard,2nd Round,3,Pegula J.,Parrizas Diaz N.,Pegula J.,4,107,5196,691,1.05,11.0,6-1 6-3 
ATX Open,2025-02-26 00:00:00,Outdoor,Hard,2nd Round,3,Burrage J.,Tomljanovic A.,Tomljanovic A.,189,111,366,667,2.75,1.44,6-4 3-6 0-6
ATX Open,2025-02-27 00:00:00,Outdoor,Hard,2nd Round,3,Shibahara E.,Birrell K.,Shibahara E.,148,76,490,892,2.63,1.5,6-3 4-6 6-4
ATX Open,2025-02-27 00:00:00,Outdoor,Hard,2nd Round,3,Shnaider D.,Cirstea S.,Cirstea S.,13,120,2908,626,1.5,2.63,3-6 6-2 4-6
ATX Open,2025-02-27 00:00:00,Outdoor,Hard,2nd Round,3,Kessler M.,Bucsa C.,Kessler M.,56,99,1060,724,1.36,3.2,5-7 6-3 7-6
ATX Open,2025-02-27 00:00:00,Outdoor,Hard,2nd Round,3,Lamens S.,Minnen G.,Minnen G.,67,92,963,758,1.91,1.91,1-6 0-6 
ATX Open,2025-02-28 00:00:00,Outdoor,Hard,2nd Round,3,Dolehide C.,Gracheva V.,Dolehide C.,80,72,855,935,1.91,1.91,5-7 6-2 6-2
ATX Open,2025-02-28 00:00:00,Outdoor,Hard,Quarterfinals,3,Shibahara E.,Tomljanovic A.,Tomljanovic A.,148,111,490,667,2.5,1.53,5-7 6-3 6-7
ATX Open,2025-02-28 00:00:00,Outdoor,Hard,Quarterfinals,3,Pegula J.,Blinkova A.,Pegula J.,4,74,5196,916,1.17,5.0,6-2 6-2 
ATX Open,2025-03-01 00:00:00,Outdoor,Hard,Quarterfinals,3,Cirstea S.,Kessler M.,Kessler M.,120,56,626,1060,2.2,1.67,7-5 4-6 1-6
ATX Open,2025-03-01 00:00:00,Outdoor,Hard,Quarterfinals,3,Minnen G.,Dolehide C.,Minnen G.,92,80,758,855,1.91,1.91,6-3 7-5 
ATX Open,2025-03-01 00:00:00,Outdoor,Hard,Semifinals,3,Tomljanovic A.,Pegula J.,Pegula J.,111,4,667,5196,6.0,1.13,1-6 6-4 3-6
ATX Open,2025-03-01 00:00:00,Outdoor,Hard,Semifinals,3,Kessler M.,Minnen G.,Kessler M.,56,92,1060,758,1.53,2.5,7-5 6-4 
ATX Open,2025-03-02 00:00:00,Outdoor,Hard,The Final,3,Kessler M.,Pegula J.,Pegula J.,56,4,1060,5196,3.4,1.33,5-7 2-6 
Merida Open,2025-02-24 00:00:00,Outdoor,Hard,1st Round,3,Kalinina A.,Jeanjean L.,Kalinina A.,52,129,1110,564,1.44,2.75,6-4 1-6 6-1
Merida Open,2025-02-24 00:00:00,Outdoor,Hard,1st Round,3,Grabher J.,Joint M.,Joint M.,387,103,153,720,10.0,1.06,3-6 2-6 
Merida Open,2025-02-24 00:00:00,Outdoor,Hard,1st Round,3,Avanesyan E.,Frech M.,Avanesyan E.,45,31,1245,1712,1.8,2.0,4-6 6-3 6-3
Merida Open,2025-02-25 00:00:00,Outdoor,Hard,1st Round,3,Jamrichova R.,Bouzas Maneiro J.,Bouzas Maneiro J.,310,66,209,980,3.0,1.4,5-7 7-5 5-7
Merida Open,2025-02-25 00:00:00,Outdoor,Hard,1st Round,3,Arango E.,Carle M.,Arango E.,133,100,554,724,1.73,2.1,6-2 6-3 
Merida Open,2025-02-25 00:00:00,Outdoor,Hard,1st Round,3,Kostyuk M.,Saville D.,Saville D.,19,121,2279,599,1.29,3.75,4-6 6-7 
Merida Open,2025-02-25 00:00:00,Outdoor,Hard,1st Round,3,Sramkova R.,Sun L.,Sramkova R.,40,48,1355,1187,1.4,3.0,6-3 6-1 
Merida Open,2025-02-25 00:00:00,Outdoor,Hard,1st Round,3,Stephens S.,Martic P.,Martic P.,115,124,658,580,2.38,1.57,2-6 3-6 
Merida Open,2025-02-25 00:00:00,Outdoor,Hard,1st Round,3,Linette M.,Cocciaretto E.,Linette M.,37,71,1479,937,1.73,2.1,6-4 6-0 
Merida Open,2025-02-26 00:00:00,Outdoor,Hard,1st Round,3,Sakkari M.,Sonmez Z.,Sonmez Z.,30,88,1719,789,1.36,3.2,5-7 2-6 
Merida Open,2025-02-26 00:00:00,Outdoor,Hard,2nd Round,3,Saville D.,Kalinina A.,Saville D.,121,52,599,1110,1.91,1.91,4-6 6-2 6-2
Merida Open,2025-02-26 00:00:00,Outdoor,Hard,2nd Round,3,Bouzas Maneiro J.,Avanesyan E.,Avanesyan E.,66,45,980,1245,3.0,1.4,1-6 4-6 
Merida Open,2025-02-27 00:00:00,Outdoor,Hard,2nd Round,3,Joint M.,Vekic D.,Joint M.,103,20,720,2163,2.1,1.73,6-1 6-2 
Merida Open,2025-02-27 00:00:00,Outdoor,Hard,2nd Round,3,Cristian J.,Badosa P.,Badosa P.,85,11,831,3698,6.0,1.13,2-6 1-6 
Merida Open,2025-02-27 00:00:00,Outdoor,Hard,2nd Round,3,Sramkova R.,Haddad Maia B.,Sramkova R.,40,17,1355,2369,1.8,2.0,7-6 6-3 
Merida Open,2025-02-28 00:00:00,Outdoor,Hard,2nd Round,3,Martic P.,Navarro E.,Navarro E.,124,10,580,3704,4.0,1.25,1-6 2-6 
Merida Open,2025-02-28 00:00:00,Outdoor,Hard,Quarterfinals,3,Avanesyan E.,Joint M.,Avanesyan E.,45,103,1245,720,2.1,1.73,4-6 6-2 6-0
Merida Open,2025-02-28 00:00:00,Outdoor,Hard,Quarterfinals,3,Sramkova R.,Arango E.,Arango E.,40,133,1355,554,1.29,3.75,7-5 3-6 0-6
Merida Open,2025-03-01 00:00:00,Outdoor,Hard,Quarterfinals,3,Navarro E.,Sonmez Z.,Navarro E.,10,88,3704,789,1.25,4.0,6-4 6-2 
Merida Open,2025-03-02 00:00:00,Outdoor,Hard,Semifinals,3,Avanesyan E.,Navarro E.,Navarro E.,45,10,1245,3704,2.75,1.44,3-6 3-6 
Merida Open,2025-03-02 00:00:00,Outdoor,Hard,Semifinals,3,Arango E.,Saville D.,Arango E.,133,121,554,599,2.2,1.67,6-3 4-6 6-2
Merida Open,2025-03-02 00:00:00,Outdoor,Hard,The Final,3,Arango E.,Navarro E.,Navarro E.,133,10,554,3704,5.0,1.17,0-6 0-6 
BNP Paribas Open,2025-03-05 00:00:00,Outdoor,Hard,1st Round,3,Sun L.,Sramkova R.,Sun L.,49,37,1187,1450,3.4,1.33,6-3 1-6 7-6
BNP Paribas Open,2025-03-05 00:00:00,Outdoor,Hard,1st Round,3,Kvitova P.,Gracheva V.,Gracheva V.,1448,70,1,945,1.87,1.87,6-4 3-6 4-6
BNP Paribas Open,2025-03-05 00:00:00,Outdoor,Hard,1st Round,3,Garcia C.,Pera B.,Garcia C.,71,81,939,867,1.8,2.0,6-3 6-4 
BNP Paribas Open,2025-03-05 00:00:00,Outdoor,Hard,1st Round,3,Li A.,Begu I.,Begu I.,66,74,972,907,1.62,2.3,5-7 6-3 1-6
BNP Paribas Open,2025-03-05 00:00:00,Outdoor,Hard,1st Round,3,Baptiste H.,Osuigwe W.,Baptiste H.,100,228,736,308,1.53,2.5,6-1 6-2 
BNP Paribas Open,2025-03-05 00:00:00,Outdoor,Hard,1st Round,3,Bouzkova M.,Lamens S.,Lamens S.,50,64,1167,980,1.57,2.38,6-3 3-6 3-6
BNP Paribas Open,2025-03-05 00:00:00,Outdoor,Hard,1st Round,3,Linette M.,Stearns P.,Linette M.,36,44,1479,1291,2.5,1.53,6-4 4-6 6-3
BNP Paribas Open,2025-03-05 00:00:00,Outdoor,Hard,1st Round,3,Rakhimova K.,Dolehide C.,Dolehide C.,75,73,907,908,2.38,1.57,2-6 6-7 
BNP Paribas Open,2025-03-05 00:00:00,Outdoor,Hard,1st Round,3,Wang Xin.,Sherif M.,Wang Xin.,42,67,1323,956,1.17,5.0,6-4 7-5 
BNP Paribas Open,2025-03-06 00:00:00,Outdoor,Hard,1st Round,3,Carle M.,Siniakova K.,Siniakova K.,103,59,724,1010,2.75,1.44,2-6 1-6 
BNP Paribas Open,2025-03-06 00:00:00,Outdoor,Hard,1st Round,3,Azarenka V.,Ngounoue C.,Azarenka V.,35,259,1557,268,1.44,2.75,6-4 7-6 
BNP Paribas Open,2025-03-06 00:00:00,Outdoor,Hard,1st Round,3,Osaka N.,Osorio M.,Osorio M.,56,53,1049,1073,1.22,4.33,4-6 4-6 
BNP Paribas Open,2025-03-06 00:00:00,Outdoor,Hard,1st Round,3,Montgomery R.,Niemeier J.,Montgomery R.,107,120,696,619,2.1,1.73,3-6 7-5 6-2
BNP Paribas Open,2025-03-06 00:00:00,Outdoor,Hard,1st Round,3,Volynets K.,Krueger A.,Krueger A.,65,41,973,1326,2.2,1.67,6-0 2-6 2-6
BNP Paribas Open,2025-03-06 00:00:00,Outdoor,Hard,1st Round,3,Yastremska D.,Yuan Y.,Yastremska D.,46,68,1229,950,1.5,2.63,6-2 6-4 
BNP Paribas Open,2025-03-06 00:00:00,Outdoor,Hard,1st Round,3,Inglis M.,Kenin S.,Kenin S.,136,47,547,1213,4.5,1.2,2-6 1-6 
BNP Paribas Open,2025-03-06 00:00:00,Outdoor,Hard,1st Round,3,Kudermetova P.,Liu C.,Kudermetova P.,60,284,1004,240,1.91,1.91,6-4 6-2 
BNP Paribas Open,2025-03-06 00:00:00,Outdoor,Hard,1st Round,3,Kalinina A.,Bronzetti L.,Bronzetti L.,54,62,1072,993,2.0,1.8,4-6 5-7 
BNP Paribas Open,2025-03-06 00:00:00,Outdoor,Hard,1st Round,3,Tomova V.,Danilovic O.,Tomova V.,63,43,981,1304,3.0,1.4,6-2 6-3 
BNP Paribas Open,2025-03-06 00:00:00,Outdoor,Hard,1st Round,3,Raducanu E.,Uchijima M.,Uchijima M.,55,52,1062,1081,1.36,3.2,3-6 2-6 
BNP Paribas Open,2025-03-06 00:00:00,Outdoor,Hard,1st Round,3,Cirstea S.,Joint M.,Cirstea S.,111,85,680,839,1.73,2.1,6-2 7-5 
BNP Paribas Open,2025-03-06 00:00:00,Outdoor,Hard,1st Round,3,Lepchenko V.,Kartal S.,Kartal S.,124,83,585,853,3.2,1.36,6-7 2-6 
BNP Paribas Open,2025-03-06 00:00:00,Outdoor,Hard,1st Round,3,Bencic B.,Maria T.,Bencic B.,58,87,1028,831,1.06,10.0,6-1 6-1 
BNP Paribas Open,2025-03-06 00:00:00,Outdoor,Hard,1st Round,3,Kudermetova V.,Cristian J.,Cristian J.,51,79,1161,876,1.3,3.5,2-6 3-6 
BNP Paribas Open,2025-03-07 00:00:00,Outdoor,Hard,1st Round,3,Birrell K.,Golubic V.,Birrell K.,76,101,907,730,2.0,1.8,6-4 6-4 
BNP Paribas Open,2025-03-07 00:00:00,Outdoor,Hard,1st Round,3,Bouzas Maneiro J.,Potapova A.,Potapova A.,57,34,1038,1564,3.5,1.3,7-6 4-6 5-7
BNP Paribas Open,2025-03-07 00:00:00,Outdoor,Hard,1st Round,3,Kessler M.,Blinkova A.,Kessler M.,48,82,1210,862,1.44,2.75,6-1 6-2 
BNP Paribas Open,2025-03-07 00:00:00,Outdoor,Hard,1st Round,3,Grabher J.,Jovic I.,Jovic I.,388,157,153,466,5.5,1.14,6-2 5-7 0-6
BNP Paribas Open,2025-03-07 00:00:00,Outdoor,Hard,1st Round,3,Avanesyan E.,Davis L.,Avanesyan E.,39,232,1410,302,1.2,4.5,6-4 6-2 
BNP Paribas Open,2025-03-07 00:00:00,Outdoor,Hard,1st Round,3,Kalinskaya A.,Parks A.,Parks A.,33,61,1634,995,1.62,2.3,4-6 3-6 
BNP Paribas Open,2025-03-07 00:00:00,Outdoor,Hard,2nd Round,3,Boulter K.,Begu I.,Boulter K.,38,74,1421,907,1.57,2.38,6-7 6-3 6-0
BNP Paribas Open,2025-03-07 00:00:00,Outdoor,Hard,2nd Round,3,Montgomery R.,Kostyuk M.,Kostyuk M.,107,24,696,1955,3.75,1.29,1-6 3-6 
BNP Paribas Open,2025-03-07 00:00:00,Outdoor,Hard,2nd Round,3,Muchova K.,Cocciaretto E.,Muchova K.,15,72,2734,937,1.11,6.5,6-4 6-3 
BNP Paribas Open,2025-03-07 00:00:00,Outdoor,Hard,2nd Round,3,Lamens S.,Rybakina E.,Rybakina E.,64,7,980,4328,9.0,1.07,3-6 3-6 
BNP Paribas Open,2025-03-07 00:00:00,Outdoor,Hard,2nd Round,3,Siniakova K.,Putintseva Y.,Siniakova K.,59,20,1010,2138,2.2,1.67,6-2 6-2 
BNP Paribas Open,2025-03-07 00:00:00,Outdoor,Hard,2nd Round,3,Jabeur O.,Yastremska D.,Yastremska D.,32,46,1669,1229,1.57,2.38,3-6 1-6 
BNP Paribas Open,2025-03-07 00:00:00,Outdoor,Hard,2nd Round,3,Tauson C.,Osorio M.,Tauson C.,21,53,2069,1073,1.44,2.75,7-6 7-5 
BNP Paribas Open,2025-03-07 00:00:00,Outdoor,Hard,2nd Round,3,Noskova L.,Sun L.,Sun L.,31,49,1683,1187,1.1,7.0,1-6 4-6 
BNP Paribas Open,2025-03-07 00:00:00,Outdoor,Hard,2nd Round,3,Dolehide C.,Lys E.,Dolehide C.,73,78,908,882,1.91,1.91,7-6 6-4 
BNP Paribas Open,2025-03-08 00:00:00,Outdoor,Hard,2nd Round,3,Garcia C.,Swiatek I.,Swiatek I.,71,2,939,7985,11.0,1.05,2-6 0-6 
BNP Paribas Open,2025-03-08 00:00:00,Outdoor,Hard,2nd Round,3,Wang Xin.,Ostapenko J.,Wang Xin.,42,26,1323,1842,3.0,1.4,6-4 6-4 
BNP Paribas Open,2025-03-08 00:00:00,Outdoor,Hard,2nd Round,3,Linette M.,Pegula J.,Pegula J.,36,4,1479,5251,5.5,1.14,4-6 2-6 
BNP Paribas Open,2025-03-08 00:00:00,Outdoor,Hard,2nd Round,3,Svitolina E.,Krueger A.,Svitolina E.,23,41,1980,1326,1.57,2.38,6-1 6-7 6-3
BNP Paribas Open,2025-03-08 00:00:00,Outdoor,Hard,2nd Round,3,Gracheva V.,Andreeva M.,Andreeva M.,70,11,945,3720,6.0,1.13,5-7 4-6 
BNP Paribas Open,2025-03-08 00:00:00,Outdoor,Hard,2nd Round,3,Collins D.,Baptiste H.,Collins D.,14,100,2823,736,1.62,2.3,5-7 6-2 6-4
BNP Paribas Open,2025-03-08 00:00:00,Outdoor,Hard,2nd Round,3,Azarenka V.,Zheng Q.,Zheng Q.,35,9,1557,3780,2.75,1.44,3-6 4-6 
BNP Paribas Open,2025-03-08 00:00:00,Outdoor,Hard,2nd Round,3,Sakkari M.,Tomova V.,Sakkari M.,29,63,1719,981,1.44,2.75,6-0 6-3 
BNP Paribas Open,2025-03-08 00:00:00,Outdoor,Hard,2nd Round,3,Potapova A.,Keys M.,Keys M.,34,5,1564,4679,3.0,1.4,3-6 0-6 
BNP Paribas Open,2025-03-08 00:00:00,Outdoor,Hard,2nd Round,3,Kudermetova P.,Alexandrova E.,Kudermetova P.,60,19,1004,2158,3.2,1.36,7-5 6-2 
BNP Paribas Open,2025-03-08 00:00:00,Outdoor,Hard,2nd Round,3,Frech M.,Bronzetti L.,Bronzetti L.,30,62,1712,993,1.91,1.91,3-6 5-7 
BNP Paribas Open,2025-03-08 00:00:00,Outdoor,Hard,2nd Round,3,Paolini J.,Jovic I.,Paolini J.,6,157,4518,466,1.2,4.5,7-6 1-6 6-3
BNP Paribas Open,2025-03-08 00:00:00,Outdoor,Hard,2nd Round,3,Avanesyan E.,Vekic D.,Vekic D.,39,22,1410,2056,1.67,2.2,3-6 3-6 
BNP Paribas Open,2025-03-08 00:00:00,Outdoor,Hard,2nd Round,3,Gauff C.,Uchijima M.,Gauff C.,3,52,6333,1081,1.1,7.0,6-4 3-6 7-6
BNP Paribas Open,2025-03-08 00:00:00,Outdoor,Hard,2nd Round,3,Haddad Maia B.,Kartal S.,Kartal S.,17,83,2369,853,1.73,2.1,2-6 1-6 
BNP Paribas Open,2025-03-08 00:00:00,Outdoor,Hard,2nd Round,3,Mertens E.,Birrell K.,Mertens E.,28,76,1756,907,1.33,3.4,6-4 7-5 
BNP Paribas Open,2025-03-08 00:00:00,Outdoor,Hard,2nd Round,3,Kenin S.,Kasatkina D.,Kasatkina D.,47,12,1213,3116,1.8,2.0,6-3 5-7 4-6
BNP Paribas Open,2025-03-09 00:00:00,Outdoor,Hard,2nd Round,3,Bencic B.,Anisimova A.,Bencic B.,58,18,1028,2326,1.57,2.38,6-4 6-7 6-1
BNP Paribas Open,2025-03-09 00:00:00,Outdoor,Hard,2nd Round,3,Fernandez L.A.,Cristian J.,Cristian J.,27,79,1763,876,1.3,3.5,7-5 6-7 3-6
BNP Paribas Open,2025-03-09 00:00:00,Outdoor,Hard,2nd Round,3,Samsonova L.,McNally C.,Samsonova L.,25,491,1945,104,1.3,3.4,7-6 6-4 
BNP Paribas Open,2025-03-09 00:00:00,Outdoor,Hard,2nd Round,3,Kessler M.,Sabalenka A.,Sabalenka A.,48,1,1210,9076,4.0,1.25,6-7 3-6 
BNP Paribas Open,2025-03-09 00:00:00,Outdoor,Hard,2nd Round,3,Shnaider D.,Parks A.,Shnaider D.,13,61,2908,995,1.44,2.75,6-1 6-1 
BNP Paribas Open,2025-03-09 00:00:00,Outdoor,Hard,2nd Round,3,Cirstea S.,Navarro E.,Navarro E.,111,8,680,4009,3.0,1.4,6-3 1-6 6-7
BNP Paribas Open,2025-03-09 00:00:00,Outdoor,Hard,3rd Round,3,Swiatek I.,Yastremska D.,Swiatek I.,2,46,7985,1229,1.08,8.0,6-0 6-2 
BNP Paribas Open,2025-03-09 00:00:00,Outdoor,Hard,3rd Round,3,Dolehide C.,Kostyuk M.,Kostyuk M.,73,24,908,1955,3.4,1.33,3-6 3-6 
BNP Paribas Open,2025-03-09 00:00:00,Outdoor,Hard,3rd Round,3,Rybakina E.,Boulter K.,Rybakina E.,7,38,4328,1421,1.2,4.5,6-0 7-5 
BNP Paribas Open,2025-03-09 00:00:00,Outdoor,Hard,3rd Round,3,Siniakova K.,Muchova K.,Muchova K.,59,15,1010,2734,3.2,1.36,5-7 1-6 
BNP Paribas Open,2025-03-09 00:00:00,Outdoor,Hard,3rd Round,3,Pegula J.,Wang Xin.,Pegula J.,4,42,5251,1323,1.2,4.5,6-2 6-1 
BNP Paribas Open,2025-03-09 00:00:00,Outdoor,Hard,3rd Round,3,Collins D.,Svitolina E.,Svitolina E.,14,23,2823,1980,2.5,1.53,2-6 4-6 
BNP Paribas Open,2025-03-10 00:00:00,Outdoor,Hard,3rd Round,3,Andreeva M.,Tauson C.,Andreeva M.,11,21,3720,2069,1.44,2.75,6-3 6-0 
BNP Paribas Open,2025-03-10 00:00:00,Outdoor,Hard,3rd Round,3,Sun L.,Zheng Q.,Zheng Q.,49,9,1187,3780,5.0,1.17,4-6 5-7 
BNP Paribas Open,2025-03-10 00:00:00,Outdoor,Hard,3rd Round,3,Keys M.,Mertens E.,Keys M.,5,28,4679,1756,1.4,3.0,6-2 6-7 6-4
BNP Paribas Open,2025-03-10 00:00:00,Outdoor,Hard,3rd Round,3,Kudermetova P.,Kartal S.,Kartal S.,60,83,1004,853,2.0,1.8,5-7 3-6 
BNP Paribas Open,2025-03-10 00:00:00,Outdoor,Hard,3rd Round,3,Gauff C.,Sakkari M.,Gauff C.,3,29,6333,1719,1.25,4.0,7-6 6-2 
BNP Paribas Open,2025-03-10 00:00:00,Outdoor,Hard,3rd Round,3,Shnaider D.,Bencic B.,Bencic B.,13,58,2908,1028,2.63,1.5,4-6 4-6 
BNP Paribas Open,2025-03-10 00:00:00,Outdoor,Hard,3rd Round,3,Sabalenka A.,Bronzetti L.,Sabalenka A.,1,62,9076,993,1.07,9.0,6-1 6-2 
BNP Paribas Open,2025-03-10 00:00:00,Outdoor,Hard,3rd Round,3,Kasatkina D.,Samsonova L.,Samsonova L.,12,25,3116,1945,1.67,2.2,6-2 3-6 2-6
BNP Paribas Open,2025-03-11 00:00:00,Outdoor,Hard,3rd Round,3,Vekic D.,Navarro E.,Vekic D.,22,8,2056,4009,3.0,1.4,7-6 6-1 
BNP Paribas Open,2025-03-11 00:00:00,Outdoor,Hard,3rd Round,3,Cristian J.,Paolini J.,Paolini J.,79,6,876,4518,3.5,1.3,4-6 6-3 4-6
BNP Paribas Open,2025-03-11 00:00:00,Outdoor,Hard,4th Round,3,Swiatek I.,Muchova K.,Swiatek I.,2,15,7985,2734,1.29,3.75,6-1 6-1 
BNP Paribas Open,2025-03-11 00:00:00,Outdoor,Hard,4th Round,3,Pegula J.,Svitolina E.,Svitolina E.,4,23,5251,1980,1.44,2.75,7-5 1-6 2-6
BNP Paribas Open,2025-03-12 00:00:00,Outdoor,Hard,4th Round,3,Andreeva M.,Rybakina E.,Andreeva M.,11,7,3720,4328,1.91,1.91,6-1 6-2 
BNP Paribas Open,2025-03-12 00:00:00,Outdoor,Hard,4th Round,3,Kostyuk M.,Zheng Q.,Zheng Q.,24,9,1955,3780,2.3,1.62,3-6 2-6 
BNP Paribas Open,2025-03-12 00:00:00,Outdoor,Hard,4th Round,3,Bencic B.,Gauff C.,Bencic B.,58,3,1028,6333,2.0,1.8,3-6 6-3 6-4
BNP Paribas Open,2025-03-12 00:00:00,Outdoor,Hard,4th Round,3,Vekic D.,Keys M.,Keys M.,22,5,2056,4679,3.75,1.29,6-4 6-7 3-6
BNP Paribas Open,2025-03-12 00:00:00,Outdoor,Hard,4th Round,3,Sabalenka A.,Kartal S.,Sabalenka A.,1,83,9076,853,1.06,10.0,6-1 6-2 
BNP Paribas Open,2025-03-12 00:00:00,Outdoor,Hard,4th Round,3,Paolini J.,Samsonova L.,Samsonova L.,6,25,4518,1945,1.91,1.91,0-6 4-6 
BNP Paribas Open,2025-03-13 00:00:00,Outdoor,Hard,Quarterfinals,3,Swiatek I.,Zheng Q.,Swiatek I.,2,9,7985,3780,1.17,5.0,6-3 6-3 
BNP Paribas Open,2025-03-13 00:00:00,Outdoor,Hard,Quarterfinals,3,Svitolina E.,Andreeva M.,Andreeva M.,23,11,1980,3720,3.0,1.4,5-7 3-6 
BNP Paribas Open,2025-03-13 00:00:00,Outdoor,Hard,Quarterfinals,3,Keys M.,Bencic B.,Keys M.,5,58,4679,1028,1.73,2.1,6-1 6-1 
BNP Paribas Open,2025-03-14 00:00:00,Outdoor,Hard,Quarterfinals,3,Samsonova L.,Sabalenka A.,Sabalenka A.,25,1,1945,9076,5.0,1.17,2-6 3-6 
BNP Paribas Open,2025-03-14 00:00:00,Outdoor,Hard,Semifinals,3,Andreeva M.,Swiatek I.,Andreeva M.,11,2,3720,7985,2.63,1.5,7-6 1-6 6-3
BNP Paribas Open,2025-03-15 00:00:00,Outdoor,Hard,Semifinals,3,Keys M.,Sabalenka A.,Sabalenka A.,5,1,4679,9076,2.5,1.53,0-6 1-6 
BNP Paribas Open,2025-03-16 00:00:00,Outdoor,Hard,The Final,3,Andreeva M.,Sabalenka A.,Andreeva M.,11,1,3720,9076,2.5,1.53,2-6 6-4 6-3
